"site","date","flux"
"X1",2011-02-14,14.944099972
"X1",2011-02-15,110.537442943
"X1",2011-02-16,49.691424446
"X1",2011-03-07,40.76774921
"X1",2011-03-10,207.139283443
"X1",2011-03-15,84.713793704
"X1",2011-03-18,14.699615718
"X1",2011-04-20,48.430449891
"X1",2011-04-21,16.765645936
"X1",2011-04-25,102.394872748
"X1",2011-04-28,52.490879756
"X1",2011-05-14,34.838516806
"X1",2011-05-15,53.712956908
"X1",2011-05-25,748.400005717
"X1",2011-05-28,160.975014212
"X1",2011-05-30,23.766656652
"X1",2011-05-31,522.663584171
"X1",2011-06-01,275.610512506
"X1",2011-06-28,265.621822037
"X1",2011-07-30,14.733677031
"X1",2011-09-30,21.017329912
"X1",2011-10-03,63.447796325
"X1",2011-11-03,185.833333344
"X1",2011-11-18,298.855686981
"X1",2011-11-30,28.140401921
"X1",2011-12-01,18.177446023
"X1",2012-01-15,70.546184588
"X1",2012-01-19,71.866703519
"X1",2012-01-20,67.143308878
"X1",2012-02-29,49.541265783
"X1",2012-03-01,34.600585033
"X1",2012-03-06,63.169875425
"X1",2012-03-12,121.006816654
"X1",2012-03-13,46.768986504
"X1",2012-03-31,168.253106598
"X1",2012-04-12,18.378678878
"X1",2012-04-23,45.86134729
"X1",2012-04-26,187.959450623
"X1",2012-05-14,76.055301997
"X1",2012-05-17,18.517812662
"X1",2012-06-04,425.207006349
"X1",2012-06-23,45.591846802
"X1",2012-06-24,26.826027722
"X1",2012-06-25,191.295618299
"X1",2012-07-12,22.852445543
"X1",2012-09-08,10.094533493
"X1",2012-10-22,44.817098234
"X1",2012-10-23,15.191122075
"X1",2012-11-08,479.984695938
"X1",2012-11-17,18.89704876
"X1",2012-11-18,19.53690368
"X1",2012-11-28,67.035467548
"X1",2012-11-29,373.653947158
"X1",2012-12-01,10.706905727
"X1",2012-12-02,14.993933721
"X1",2012-12-20,10.984176196
"X1",2012-12-21,127.629728853
"X1",2012-12-23,29.945210442
"X1",2013-03-05,30.457094388
"X1",2013-03-06,13.522267395
"X1",2013-04-07,15.475869504
"X1",2013-04-14,80.400826817
"X1",2013-04-15,37.0683922
"X1",2013-06-10,87.68906631
"X1",2013-06-18,19.088489688
"X1",2013-06-19,19.509869152
"X1",2013-06-29,24.987802175
"X1",2013-07-02,17.023730321
"X1",2013-07-26,26.907912306
"X1",2013-07-28,10.220315385
"X1",2013-08-18,112.49048769
"X1",2013-08-20,114.70209689
"X1",2013-09-20,13.738784616
"X1",2013-09-21,123.112913849
"X1",2013-10-27,225.994285154
"X1",2013-10-28,18.824214208
"X1",2014-02-15,16.708489387
"X1",2014-03-10,25.12921348
"X1",2014-03-29,77.943313947
"X1",2014-04-22,23.713662787
"X1",2014-05-18,13.384205425
"X1",2014-06-10,36.814437979
"X1",2014-09-25,85.393086467
"X1",2014-10-15,19.920151717
"X1",2014-10-25,244.097100221
"X1",2014-10-31,80.70233854
"X1",2014-11-22,137.788962873
"X1",2014-11-28,34.94114914
"X1",2014-11-29,16.815858758
"X1",2014-11-30,21.180630844
"X1",2014-12-03,10.806724982
"X1",2014-12-10,148.504941048
"X1",2014-12-11,352.817397043
"X1",2014-12-24,17.015340203
"X1",2015-02-05,165.132762662
"X1",2015-02-06,325.025898282
"X1",2015-02-08,21.212038599
"X1",2015-04-05,186.981921183
"X1",2015-04-07,51.477963818
"X1",2015-04-13,67.283287055
"X1",2015-04-14,170.056945735
"X1",2015-05-12,89.67633151
"X1",2015-05-13,28.147536111
"X1",2015-05-31,19.759813724
"X1",2015-07-30,12.679029411
"X1",2015-08-08,12.39137255
"X1",2015-09-15,81.330061271
"X1",2015-09-16,37.096908943
"X1",2015-10-01,10.372110837
"X1",2015-11-15,87.034950519
"X1",2015-11-24,100.214939281
"X1",2015-12-03,78.452936046
"X1",2015-12-06,37.698164075
"X1",2015-12-10,195.570655736
"X1",2015-12-13,87.714196721
"X10",2011-03-07,138.882853925
"X10",2011-03-10,33.867708608
"X10",2011-03-15,41.66310274
"X10",2011-05-25,83.011588236
"X10",2012-03-01,19.094078164
"X10",2012-03-06,78.866844589
"X10",2013-04-14,90.909061512
"X10",2014-03-29,31.345312137
"X10",2014-06-10,13.531444364
"X10",2014-07-10,54.164447409
"X10",2014-09-25,49.783067024
"X10",2014-10-15,10.850532627
"X10",2014-10-25,183.833759102
"X10",2014-10-31,24.63730715
"X10",2014-11-22,147.487583049
"X10",2014-11-28,56.115243672
"X10",2014-11-29,13.174359598
"X10",2014-12-10,51.284442144
"X10",2014-12-11,165.373017344
"X10",2014-12-29,22.219040194
"X10",2015-02-06,415.123331105
"X10",2015-04-14,858.74463
"X10",2015-07-01,11.862754782
"X10",2015-07-16,23.249558773
"X10",2015-08-07,67.406599519
"X10",2015-11-24,185.451389421
"X10",2015-12-03,156.920649306
"X10",2015-12-06,73.720856135
"X10",2015-12-10,218.748040271
"X10",2015-12-13,58.089174134
"X11",2011-03-07,129.326300174
"X11",2011-03-10,31.537265595
"X11",2011-03-15,38.796257271
"X11",2011-05-25,41.886581214
"X11",2012-03-01,22.200302991
"X11",2012-03-06,91.69690364
"X11",2013-04-14,95.652142974
"X11",2013-06-10,43.251763285
"X11",2014-03-10,12.459433367
"X11",2014-03-17,16.569473842
"X11",2014-12-10,10.45605131
"X11",2014-12-11,33.716828782
"X11",2015-02-06,43.740629319
"X11",2015-04-14,164.545971784
"X11",2015-07-01,13.778820008
"X11",2015-07-16,27.00481394
"X11",2015-08-07,78.294074117
"X11",2015-08-08,10.417457243
"X11",2015-11-24,122.14027485
"X11",2015-12-03,103.349623284
"X11",2015-12-06,48.553346826
"X11",2015-12-10,144.069806328
"X11",2015-12-13,38.258153344
"X12",2011-02-07,10.335833333
"X12",2011-03-07,380.769156498
"X12",2011-03-10,92.853642292
"X12",2011-03-15,114.225939626
"X12",2011-05-25,57.121275982
"X12",2012-03-01,14.405612792
"X12",2012-03-06,59.501444137
"X12",2012-04-01,25.874708018
"X12",2012-05-14,22.365568694
"X12",2013-02-23,11.231960115
"X12",2013-02-25,10.754395172
"X12",2013-04-14,79.841871422
"X12",2013-06-10,28.14797293
"X12",2013-08-20,15.051427304
"X12",2013-09-21,40.528268364
"X12",2013-10-27,31.278767831
"X12",2014-03-17,13.018872303
"X12",2014-03-29,31.345312137
"X12",2014-06-10,13.531444364
"X12",2014-07-10,12.944962268
"X12",2014-09-25,11.897839918
"X12",2014-11-22,14.249028576
"X12",2014-12-10,13.277525474
"X12",2014-12-11,42.815020672
"X12",2015-02-06,118.842464564
"X12",2015-04-14,269.292683704
"X12",2015-07-16,17.506775266
"X12",2015-08-07,50.756756308
"X12",2015-11-24,115.714340352
"X12",2015-12-03,97.912285691
"X12",2015-12-06,45.998901726
"X12",2015-12-10,136.490135019
"X12",2015-12-13,36.24534973
"X13",2011-02-15,136.969601085
"X13",2011-02-16,65.057386504
"X13",2011-03-10,283.889985284
"X13",2011-03-15,112.82255495
"X13",2011-03-18,16.276688144
"X13",2011-04-20,49.119614627
"X13",2011-04-21,11.484350936
"X13",2011-04-25,180.567406521
"X13",2011-04-28,73.349507025
"X13",2011-05-14,50.890007295
"X13",2011-05-15,78.46065274
"X13",2011-05-25,1093.21765819
"X13",2011-05-28,235.142606496
"X13",2011-05-30,34.716900744
"X13",2011-05-31,763.47548783
"X13",2011-06-01,402.595238775
"X13",2011-06-28,279.725635611
"X13",2011-07-30,21.782061889
"X13",2011-09-30,40.669209436
"X13",2011-10-01,12.561152438
"X13",2011-10-03,125.576535114
"X13",2011-11-03,363.333333334
"X13",2011-11-18,277.878226444
"X13",2011-11-30,22.185003696
"X13",2011-12-01,30.540991366
"X13",2012-01-15,163.033924257
"X13",2012-01-19,160.33243976
"X13",2012-01-20,63.531463097
"X13",2012-02-29,88.912429945
"X13",2012-03-01,63.38783389
"X13",2012-03-06,67.209047009
"X13",2012-03-12,115.671997764
"X13",2012-03-13,53.103786395
"X13",2012-03-31,189.218927245
"X13",2012-04-23,69.382830881
"X13",2012-04-26,223.948705981
"X13",2012-05-14,88.874038586
"X13",2012-05-17,29.688115665
"X13",2012-05-24,16.864952155
"X13",2012-05-25,13.511898799
"X13",2012-06-04,347.684446234
"X13",2012-06-23,52.352943904
"X13",2012-06-24,36.113290884
"X13",2012-06-25,199.551986294
"X13",2012-07-12,14.17289849
"X13",2012-09-08,20.36629276
"X13",2012-10-22,91.114804054
"X13",2012-10-23,28.519768731
"X13",2012-11-08,573.333051742
"X13",2012-11-17,18.827835203
"X13",2012-11-28,71.182956102
"X13",2012-11-29,466.800925788
"X13",2012-12-02,10.210915938
"X13",2012-12-21,145.767327718
"X13",2012-12-23,48.726944371
"X13",2013-03-05,29.152131651
"X13",2013-03-06,23.523122476
"X13",2013-04-07,18.19070163
"X13",2013-04-14,46.110917514
"X13",2013-04-15,28.694831632
"X13",2013-06-10,66.403003932
"X13",2013-06-19,12.436131387
"X13",2013-06-29,10.661426163
"X13",2013-07-02,13.148652442
"X13",2013-08-20,54.623391437
"X13",2013-09-21,91.005121256
"X13",2013-10-27,186.884499503
"X13",2013-10-28,13.753504205
"X13",2014-02-15,10.825218477
"X13",2014-03-10,16.28089888
"X13",2014-03-29,89.135174409
"X13",2014-04-22,27.118701552
"X13",2014-05-18,15.306040054
"X13",2014-06-10,42.100613701
"X13",2014-09-25,88.890462697
"X13",2014-10-15,12.567173147
"X13",2014-10-25,330.224033685
"X13",2014-10-31,38.647806275
"X13",2014-11-22,329.464290486
"X13",2014-11-28,115.414901833
"X13",2014-12-10,211.105535
"X13",2014-12-11,651.45197
"X13",2014-12-24,37.104895
"X13",2014-12-29,26.600595
"X13",2015-02-05,106.8036094
"X13",2015-02-06,210.218363232
"X13",2015-02-08,13.719399156
"X13",2015-04-05,297.924393491
"X13",2015-04-07,82.021518721
"X13",2015-04-13,107.204655686
"X13",2015-04-14,270.957278053
"X13",2015-05-03,15.806878421
"X13",2015-05-12,142.884223814
"X13",2015-05-13,44.848387316
"X13",2015-05-20,10.384840687
"X13",2015-05-31,25.268835788
"X13",2015-07-30,16.213933824
"X13",2015-08-08,15.84607843
"X13",2015-09-15,90.148983568
"X13",2015-09-16,41.119465332
"X13",2015-10-01,11.496797553
"X13",2015-11-15,151.857522371
"X13",2015-11-24,219.227041432
"X13",2015-12-03,105.471951909
"X13",2015-12-06,107.128579415
"X13",2015-12-10,217.570413863
"X13",2015-12-13,188.855536951
"X14",2011-02-15,115.498198735
"X14",2011-02-16,54.85896795
"X14",2011-03-10,239.387292342
"X14",2011-03-15,95.136451951
"X14",2011-03-18,13.725148843
"X14",2011-04-20,34.855733665
"X14",2011-04-25,128.132304743
"X14",2011-04-28,52.049489811
"X14",2011-05-14,29.881685958
"X14",2011-05-15,46.070667096
"X14",2011-05-25,641.917509472
"X14",2011-05-28,138.071458325
"X14",2011-05-30,20.385132177
"X14",2011-05-31,565.360317105
"X14",2011-06-01,307.970370554
"X14",2011-06-28,251.518008495
"X14",2011-07-30,16.524322815
"X14",2011-09-30,33.34142395
"X14",2011-10-01,10.297881732
"X14",2011-10-03,102.950132388
"X14",2011-11-03,205.833333332
"X14",2011-11-18,315.580297358
"X14",2011-11-30,25.195029325
"X14",2011-12-01,34.684743958
"X14",2012-01-15,107.612516341
"X14",2012-01-19,105.829368782
"X14",2012-01-20,41.934711703
"X14",2012-02-29,96.493140897
"X14",2012-03-01,68.792307118
"X14",2012-03-06,72.939318465
"X14",2012-03-12,125.534240676
"X14",2012-03-13,57.631437442
"X14",2012-03-31,157.734912732
"X14",2012-04-23,57.838266673
"X14",2012-04-26,186.686026147
"X14",2012-05-14,66.587304236
"X14",2012-05-17,22.243296491
"X14",2012-05-24,12.635767634
"X14",2012-05-25,10.123551609
"X14",2012-06-04,260.496432588
"X14",2012-06-23,39.224518881
"X14",2012-06-24,27.057245579
"X14",2012-06-25,149.510802413
"X14",2012-09-08,11.247057193
"X14",2012-10-22,50.317130585
"X14",2012-10-23,15.749723033
"X14",2012-11-08,409.404733636
"X14",2012-11-17,13.329634195
"X14",2012-11-28,50.395744165
"X14",2012-11-29,330.483325199
"X14",2012-12-21,103.199605027
"X14",2012-12-23,34.497452161
"X14",2013-03-05,20.638976649
"X14",2013-03-06,16.653779602
"X14",2013-04-07,10.971513232
"X14",2013-04-14,27.811271493
"X14",2013-04-15,17.306958869
"X14",2013-06-10,48.978102188
"X14",2013-08-20,43.986204688
"X14",2013-09-21,73.28307133
"X14",2013-10-27,172.926321112
"X14",2013-10-28,12.726271525
"X14",2014-03-29,69.238432834
"X14",2014-04-22,21.065268656
"X14",2014-05-18,11.740331496
"X14",2014-06-10,32.292817683
"X14",2014-09-25,49.75212465
"X14",2014-10-25,143.318997134
"X14",2014-10-31,30.428200691
"X14",2014-11-22,259.393909153
"X14",2014-11-28,90.868489939
"X14",2014-12-10,112.690581593
"X14",2014-12-11,347.75261285
"X14",2014-12-24,19.807023054
"X14",2014-12-29,14.19970595
"X14",2015-02-05,122.251512999
"X14",2015-02-06,240.624011775
"X14",2015-02-08,15.703751164
"X14",2015-04-05,157.869214696
"X14",2015-04-07,43.462949097
"X14",2015-04-13,56.80741551
"X14",2015-04-14,143.579423642
"X14",2015-05-12,75.713908291
"X14",2015-05-13,23.765021737
"X14",2015-05-31,13.132352946
"X14",2015-11-15,91.290947585
"X14",2015-11-24,131.790931631
"X14",2015-12-03,63.40571269
"X14",2015-12-06,64.401613934
"X14",2015-12-10,130.795030348
"X14",2015-12-13,113.532742099
"X15",2011-02-15,115.556441083
"X15",2011-02-16,54.886631708
"X15",2011-03-10,239.508008229
"X15",2011-03-15,95.184426466
"X15",2011-03-18,13.732070033
"X15",2011-04-20,25.835779485
"X15",2011-04-25,94.974273168
"X15",2011-04-28,38.58014162
"X15",2011-05-14,34.248573964
"X15",2011-05-15,52.803401119
"X15",2011-05-25,735.72687069
"X15",2011-05-28,158.249121523
"X15",2011-05-30,23.364200675
"X15",2011-05-31,513.812988033
"X15",2011-06-01,270.943423738
"X15",2011-06-28,221.743290968
"X15",2011-07-30,24.786484213
"X15",2011-09-30,52.027276931
"X15",2011-10-01,16.069222036
"X15",2011-10-03,160.64745936
"X15",2011-11-03,192.5
"X15",2011-11-18,245.063461011
"X15",2011-11-30,19.565166572
"X15",2011-12-01,26.934391884
"X15",2012-01-15,98.321607926
"X15",2012-01-19,96.692411417
"X15",2012-01-20,38.314207521
"X15",2012-02-29,127.786847733
"X15",2012-03-01,91.10235186
"X15",2012-03-06,96.594281163
"X15",2012-03-12,166.246271467
"X15",2012-03-13,76.321898661
"X15",2012-03-31,223.536503058
"X15",2012-04-12,11.136036185
"X15",2012-04-23,81.966405868
"X15",2012-04-26,264.565027132
"X15",2012-05-14,99.699023835
"X15",2012-05-17,33.304170697
"X15",2012-05-24,18.919127497
"X15",2012-05-25,15.157667436
"X15",2012-06-04,390.032910019
"X15",2012-06-23,58.729607482
"X15",2012-06-24,40.511941465
"X15",2012-06-25,223.857704169
"X15",2012-07-12,10.788325717
"X15",2012-09-08,15.502700457
"X15",2012-10-22,69.356044873
"X15",2012-10-23,21.709077695
"X15",2012-11-08,485.960090286
"X15",2012-11-17,27.05818555
"X15",2012-11-18,11.204753421
"X15",2012-11-28,102.29968629
"X15",2012-11-29,670.857054496
"X15",2012-12-02,14.67448887
"X15",2012-12-21,209.487673888
"X15",2012-12-23,70.027312657
"X15",2013-03-05,41.895617804
"X15",2013-03-06,33.805958362
"X15",2013-04-14,22.245101486
"X15",2013-04-15,13.843130353
"X15",2013-06-10,46.623385735
"X15",2013-08-20,94.29722311
"X15",2013-09-21,157.103577757
"X15",2013-10-27,280.714476446
"X15",2013-10-28,20.658790552
"X15",2014-02-15,26.357053682
"X15",2014-03-10,39.640449436
"X15",2014-03-29,149.890988373
"X15",2014-04-22,45.603197675
"X15",2014-05-10,11.870155039
"X15",2014-05-18,25.738856587
"X15",2014-06-10,70.796996121
"X15",2014-09-25,206.305476865
"X15",2014-10-15,29.167095883
"X15",2014-10-21,10.94600395
"X15",2014-10-25,574.109238543
"X15",2014-10-31,61.115916951
"X15",2014-11-22,521.000133109
"X15",2014-11-28,182.511977636
"X15",2014-12-10,187.378663225
"X15",2014-12-11,578.233059175
"X15",2014-12-24,32.93454918
"X15",2014-12-29,23.610863317
"X15",2015-02-05,197.626628917
"X15",2015-02-06,388.982607269
"X15",2015-02-08,25.386020391
"X15",2015-04-05,407.587960997
"X15",2015-04-07,112.21297854
"X15",2015-04-13,146.665825313
"X15",2015-04-14,370.694467775
"X15",2015-05-03,21.625262941
"X15",2015-05-11,10.500455756
"X15",2015-05-12,195.478754735
"X15",2015-05-13,61.356717157
"X15",2015-05-20,16.365681369
"X15",2015-05-31,39.821671567
"X15",2015-07-30,25.551867646
"X15",2015-08-07,14.002245094
"X15",2015-08-08,24.97215686
"X15",2015-09-15,137.673175993
"X15",2015-09-16,62.796574768
"X15",2015-10-01,17.557609305
"X15",2015-11-15,217.589685196
"X15",2015-11-24,314.12038196
"X15",2015-12-03,151.125926812
"X15",2015-12-06,153.499632508
"X15",2015-12-10,311.746676265
"X15",2015-12-13,270.602444891
"X16",2011-02-14,31.507723155
"X16",2011-02-15,89.749582456
"X16",2011-02-16,37.513094117
"X16",2011-03-10,273.036224392
"X16",2011-03-15,171.163300274
"X16",2011-03-18,72.487553669
"X16",2011-04-02,22.385696357
"X16",2011-04-07,18.20764527
"X16",2011-04-20,38.86833836
"X16",2011-04-25,90.428243716
"X16",2011-04-28,179.957911353
"X16",2011-05-14,246.012139802
"X16",2011-05-15,107.432964558
"X16",2011-05-25,724.254177902
"X16",2011-05-28,157.32185337
"X16",2011-05-30,40.300619456
"X16",2011-05-31,352.013374907
"X16",2011-06-01,200.085823089
"X16",2011-06-04,45.377533916
"X16",2011-06-27,19.192799323
"X16",2011-06-28,393.242243961
"X16",2011-06-29,19.842323238
"X16",2011-07-18,101.925803966
"X16",2011-07-30,27.922687674
"X16",2011-08-26,15.733155762
"X16",2011-09-30,25.269984746
"X16",2011-10-01,37.240785789
"X16",2011-10-03,236.851397591
"X16",2011-10-04,19.019675545
"X16",2011-10-05,46.785176863
"X16",2011-11-03,495.823068148
"X16",2011-11-18,338.130170517
"X16",2011-11-30,16.505012545
"X16",2011-12-01,28.491095445
"X16",2012-01-15,70.519053254
"X16",2012-01-19,94.973743825
"X16",2012-01-20,56.611333513
"X16",2012-02-28,17.803157442
"X16",2012-02-29,187.710173444
"X16",2012-03-01,27.511641863
"X16",2012-03-06,74.99526706
"X16",2012-03-12,216.656314316
"X16",2012-03-13,74.286556232
"X16",2012-03-27,38.778128522
"X16",2012-03-31,370.684183617
"X16",2012-04-12,60.398331369
"X16",2012-04-23,44.517711779
"X16",2012-04-26,251.524242105
"X16",2012-05-14,229.15650994
"X16",2012-05-17,32.824665087
"X16",2012-05-24,38.210971019
"X16",2012-05-25,52.104062701
"X16",2012-06-04,436.916863668
"X16",2012-06-21,27.537737501
"X16",2012-06-22,17.530338851
"X16",2012-06-23,147.149505291
"X16",2012-06-24,43.706593121
"X16",2012-06-25,275.66557219
"X16",2012-07-19,18.638363278
"X16",2012-08-13,13.995998302
"X16",2012-10-22,146.858933585
"X16",2012-10-23,76.629167327
"X16",2012-10-31,21.175568172
"X16",2012-11-08,649.45821076
"X16",2012-11-17,38.337735334
"X16",2012-11-28,112.649054104
"X16",2012-11-29,820.310087933
"X16",2012-11-30,15.389768312
"X16",2012-12-01,16.898370599
"X16",2012-12-02,66.029193446
"X16",2012-12-11,50.553363925
"X16",2012-12-12,62.849991305
"X16",2012-12-20,22.472099192
"X16",2012-12-21,287.864603778
"X16",2012-12-23,84.643725716
"X16",2013-02-25,15.683388885
"X16",2013-03-05,53.616130327
"X16",2013-03-06,114.618336956
"X16",2013-04-04,19.877252838
"X16",2013-04-07,18.849662539
"X16",2013-04-14,22.852851744
"X16",2013-04-15,19.171178522
"X16",2013-06-10,41.455526848
"X16",2013-06-18,27.684382108
"X16",2013-06-19,32.314233869
"X16",2013-07-02,14.973011626
"X16",2013-08-18,10.781031107
"X16",2013-08-20,60.08250064
"X16",2013-09-05,12.1689789
"X16",2013-09-20,78.438598935
"X16",2013-09-21,272.536255967
"X16",2013-10-27,304.030183242
"X16",2013-10-28,50.868447744
"X16",2013-12-03,46.914508496
"X16",2014-02-15,98.789713421
"X16",2014-02-19,21.292750048
"X16",2014-03-10,19.270924278
"X16",2014-03-25,17.573353581
"X16",2014-03-29,413.822876577
"X16",2014-04-22,122.455861699
"X16",2014-04-25,155.650314615
"X16",2014-05-10,11.006170199
"X16",2014-05-18,24.182295802
"X16",2014-06-10,13.13051093
"X16",2014-09-25,286.890795818
"X16",2014-10-14,15.892517178
"X16",2014-10-15,79.043001543
"X16",2014-10-21,23.467838879
"X16",2014-10-25,482.328677467
"X16",2014-10-31,62.991941246
"X16",2014-11-22,354.754942432
"X16",2014-11-28,268.492655812
"X16",2014-11-29,183.622171498
"X16",2014-11-30,46.953076616
"X16",2014-12-03,55.720708568
"X16",2014-12-10,160.173131982
"X16",2014-12-11,379.642601979
"X16",2014-12-24,98.767346439
"X16",2014-12-29,33.843883305
"X16",2015-02-05,179.630901622
"X16",2015-02-06,371.000372196
"X16",2015-02-08,93.428695489
"X16",2015-02-09,30.574710703
"X16",2015-03-11,47.541562339
"X16",2015-03-23,15.591741673
"X16",2015-04-05,341.184250408
"X16",2015-04-07,98.546205384
"X16",2015-04-13,71.658061633
"X16",2015-04-14,347.23886802
"X16",2015-04-25,12.784209226
"X16",2015-05-12,132.919508656
"X16",2015-05-13,42.593882265
"X16",2015-05-31,73.996955358
"X16",2015-09-15,43.996564363
"X16",2015-09-16,73.745829347
"X16",2015-10-01,21.686102206
"X16",2015-11-08,32.752139009
"X16",2015-11-15,288.481545629
"X16",2015-11-24,265.823366531
"X16",2015-12-03,145.121018628
"X16",2015-12-06,75.934784903
"X16",2015-12-10,239.3453553
"X16",2015-12-13,133.954937547
"X17",2011-02-14,32.79855186
"X17",2011-02-15,65.37778181
"X17",2011-02-16,32.878304909
"X17",2011-03-10,372.228678429
"X17",2011-03-15,241.213909205
"X17",2011-03-18,62.227525577
"X17",2011-04-02,21.20178085
"X17",2011-04-07,12.6077952
"X17",2011-04-20,52.770518641
"X17",2011-04-25,93.91822465
"X17",2011-04-28,137.20827145
"X17",2011-05-14,226.521696175
"X17",2011-05-15,73.4305572
"X17",2011-05-25,1021.35454534
"X17",2011-05-28,244.84239855
"X17",2011-05-30,66.3386729
"X17",2011-05-31,642.505066505
"X17",2011-06-01,332.48135046
"X17",2011-06-04,46.445971721
"X17",2011-06-27,24.090936949
"X17",2011-06-28,597.36209091
"X17",2011-06-29,18.798552144
"X17",2011-07-18,150.246145053
"X17",2011-07-30,23.951780334
"X17",2011-08-26,25.968040474
"X17",2011-09-30,29.210977702
"X17",2011-10-01,44.292842662
"X17",2011-10-03,251.283330743
"X17",2011-10-04,15.588648058
"X17",2011-10-05,39.346639644
"X17",2011-11-03,528.333333338
"X17",2011-11-18,492.581893979
"X17",2011-11-30,24.754762126
"X17",2011-12-01,26.717239792
"X17",2012-01-15,62.1524904
"X17",2012-01-19,65.747682
"X17",2012-01-20,62.8912284
"X17",2012-02-24,26.4221958
"X17",2012-02-28,44.570526
"X17",2012-02-29,482.9130306
"X17",2012-03-01,32.1597276
"X17",2012-03-06,177.4448676
"X17",2012-03-12,675.3050304
"X17",2012-03-13,297.095799
"X17",2012-03-16,22.5068844
"X17",2012-03-23,43.462419
"X17",2012-03-27,138.636498
"X17",2012-03-31,1351.4472972
"X17",2012-04-10,20.290446114
"X17",2012-04-11,17.322405239
"X17",2012-04-12,77.911073035
"X17",2012-04-23,67.010589574
"X17",2012-04-25,24.539337967
"X17",2012-04-26,338.639330574
"X17",2012-05-14,616.3044888
"X17",2012-05-17,62.1032412
"X17",2012-05-24,86.9740872
"X17",2012-05-25,134.8689342
"X17",2012-06-01,13.1002872
"X17",2012-06-04,1411.605195
"X17",2012-06-21,200.1487488
"X17",2012-06-22,62.7681054
"X17",2012-06-23,501.5784774
"X17",2012-06-24,181.0400592
"X17",2012-06-25,901.9252242
"X17",2012-06-26,25.0432182
"X17",2012-07-19,20.741152983
"X17",2012-08-13,15.575034012
"X17",2012-10-21,10.255560852
"X17",2012-10-22,163.427633788
"X17",2012-10-23,85.274509283
"X17",2012-10-31,25.93678288
"X17",2012-11-08,795.485460727
"X17",2012-11-17,46.586083566
"X17",2012-11-18,10.224298818
"X17",2012-11-28,121.397127425
"X17",2012-11-29,951.901124273
"X17",2012-12-01,12.459162003
"X17",2012-12-02,48.726425665
"X17",2012-12-11,43.186528243
"X17",2012-12-12,48.881824745
"X17",2012-12-20,21.380992168
"X17",2012-12-21,302.610087682
"X17",2012-12-23,77.911015378
"X17",2013-03-05,59.833455383
"X17",2013-03-06,100.275667764
"X17",2013-04-04,19.793638665
"X17",2013-04-07,26.01553814
"X17",2013-04-14,57.714967057
"X17",2013-04-15,23.813789977
"X17",2013-06-10,60.602206324
"X17",2013-06-18,50.479564545
"X17",2013-06-19,95.420857175
"X17",2013-07-02,22.88997086
"X17",2013-08-18,30.523652235
"X17",2013-08-20,71.5609843
"X17",2013-08-25,14.033839707
"X17",2013-08-29,16.823515546
"X17",2013-09-05,24.171086255
"X17",2013-09-20,85.977361617
"X17",2013-09-21,387.870749533
"X17",2013-09-24,43.69092226
"X17",2013-10-27,325.805105734
"X17",2013-10-28,82.113299348
"X17",2013-12-03,64.147870192
"X17",2014-01-11,10.719145602
"X17",2014-02-15,83.500918651
"X17",2014-02-19,43.862423817
"X17",2014-03-06,11.43620674
"X17",2014-03-10,42.969835249
"X17",2014-03-17,15.63177816
"X17",2014-03-25,22.020335729
"X17",2014-03-29,376.105183948
"X17",2014-04-22,112.11431179
"X17",2014-04-25,150.846273527
"X17",2014-05-10,28.056552627
"X17",2014-05-18,42.603383896
"X17",2014-05-30,10.496644104
"X17",2014-06-10,28.238046864
"X17",2014-09-25,401.09540107
"X17",2014-10-14,22.218961517
"X17",2014-10-15,110.508196398
"X17",2014-10-21,32.809843981
"X17",2014-10-25,585.743917055
"X17",2014-10-31,134.838612665
"X17",2014-11-22,349.990714176
"X17",2014-11-28,293.973923583
"X17",2014-11-29,238.426134597
"X17",2014-11-30,82.27012563
"X17",2014-12-03,79.538334275
"X17",2014-12-10,228.638587719
"X17",2014-12-11,541.919529719
"X17",2014-12-12,10.596838919
"X17",2014-12-24,140.985109856
"X17",2014-12-29,48.310335114
"X17",2015-02-05,241.663170244
"X17",2015-02-06,499.118610957
"X17",2015-02-08,125.692598214
"X17",2015-02-09,41.133131604
"X17",2015-03-11,63.959177226
"X17",2015-03-23,20.976066407
"X17",2015-04-05,453.334246691
"X17",2015-04-07,169.931155579
"X17",2015-04-13,101.291014287
"X17",2015-04-14,491.50533252
"X17",2015-04-25,21.850339992
"X17",2015-05-11,26.959116744
"X17",2015-05-12,168.310874605
"X17",2015-05-13,98.353333647
"X17",2015-05-31,107.730934891
"X17",2015-08-07,14.463537398
"X17",2015-09-14,12.894183745
"X17",2015-09-15,60.064180275
"X17",2015-09-16,70.498009938
"X17",2015-10-01,21.375092051
"X17",2015-11-08,29.002925086
"X17",2015-11-15,260.589277611
"X17",2015-11-24,323.420147671
"X17",2015-12-03,179.192194737
"X17",2015-12-06,68.070951323
"X17",2015-12-10,268.682615916
"X17",2015-12-13,127.66138865
"X18",2011-02-14,38.774512777
"X18",2011-02-15,57.635728866
"X18",2011-02-16,24.496032191
"X18",2011-03-10,250.274939444
"X18",2011-03-15,180.530960722
"X18",2011-03-18,73.200086243
"X18",2011-04-02,16.167584513
"X18",2011-04-07,25.031485457
"X18",2011-04-20,106.145311197
"X18",2011-04-21,28.579377412
"X18",2011-04-25,121.724170614
"X18",2011-04-28,207.9480498
"X18",2011-05-14,259.859067624
"X18",2011-05-15,70.7857248
"X18",2011-05-25,735.381043327
"X18",2011-05-28,249.19853976
"X18",2011-05-30,53.07357434
"X18",2011-05-31,383.671209098
"X18",2011-06-01,229.799840451
"X18",2011-06-04,50.041251984
"X18",2011-06-27,22.767515837
"X18",2011-06-28,302.708383404
"X18",2011-06-29,14.270891297
"X18",2011-07-18,83.727898114
"X18",2011-07-30,33.074728387
"X18",2011-08-26,30.806050355
"X18",2011-09-30,19.457888048
"X18",2011-10-01,23.518480459
"X18",2011-10-03,156.880105118
"X18",2011-10-04,15.844549291
"X18",2011-10-05,45.123186056
"X18",2011-11-03,389.993494959
"X18",2011-11-18,566.311770409
"X18",2011-11-23,35.229415147
"X18",2011-11-30,44.295491691
"X18",2011-12-01,28.808060104
"X18",2012-01-15,77.067894131
"X18",2012-01-19,51.726042217
"X18",2012-01-20,44.567482699
"X18",2012-02-24,13.878063486
"X18",2012-02-28,22.440810667
"X18",2012-02-29,151.485696878
"X18",2012-03-01,46.710652907
"X18",2012-03-06,75.63814538
"X18",2012-03-12,215.799551859
"X18",2012-03-13,80.243444058
"X18",2012-03-23,23.738147022
"X18",2012-03-27,68.971491655
"X18",2012-03-31,386.375113215
"X18",2012-04-10,18.39253107
"X18",2012-04-11,22.049443703
"X18",2012-04-12,53.3501366
"X18",2012-04-23,37.30090876
"X18",2012-04-25,14.19377955
"X18",2012-04-26,214.01036506
"X18",2012-05-04,19.134310507
"X18",2012-05-14,167.359134725
"X18",2012-05-17,36.762179499
"X18",2012-05-24,76.623109434
"X18",2012-05-25,63.964950463
"X18",2012-05-26,14.10108856
"X18",2012-06-04,369.999080655
"X18",2012-06-21,36.978027574
"X18",2012-06-22,27.318087062
"X18",2012-06-23,122.436123932
"X18",2012-06-24,40.425683116
"X18",2012-06-25,191.049200047
"X18",2012-06-26,12.507360996
"X18",2012-07-19,11.793852158
"X18",2012-08-13,18.446109375
"X18",2012-08-14,16.814011221
"X18",2012-08-31,12.167874652
"X18",2012-10-22,120.425528294
"X18",2012-10-23,55.180461505
"X18",2012-10-31,32.843801061
"X18",2012-11-08,562.367523753
"X18",2012-11-17,28.120624995
"X18",2012-11-18,15.689643946
"X18",2012-11-28,88.389240687
"X18",2012-11-29,702.824534839
"X18",2012-12-01,37.20174111
"X18",2012-12-02,29.591438639
"X18",2012-12-11,29.355471486
"X18",2012-12-12,39.790141495
"X18",2012-12-20,34.600311856
"X18",2012-12-21,160.761668238
"X18",2012-12-23,28.635988826
"X18",2013-03-05,55.817088175
"X18",2013-03-06,56.881111823
"X18",2013-04-04,25.171733074
"X18",2013-04-07,52.303320492
"X18",2013-04-14,60.446772557
"X18",2013-04-15,86.373914876
"X18",2013-06-10,71.167722559
"X18",2013-06-18,59.280278103
"X18",2013-06-19,112.056730291
"X18",2013-07-02,26.880656577
"X18",2013-08-18,21.419444086
"X18",2013-08-20,50.21668082
"X18",2013-08-29,11.805610538
"X18",2013-09-05,16.961640975
"X18",2013-09-20,60.333123821
"X18",2013-09-21,272.181577936
"X18",2013-09-24,31.876135653
"X18",2013-10-27,237.701728631
"X18",2013-10-28,59.908432559
"X18",2013-12-03,40.187159317
"X18",2014-01-11,22.783997221
"X18",2014-01-29,14.661643965
"X18",2014-02-15,51.071349711
"X18",2014-02-19,53.134454332
"X18",2014-02-26,11.451559487
"X18",2014-03-06,10.182638103
"X18",2014-03-10,32.712636871
"X18",2014-03-17,29.772751867
"X18",2014-03-25,25.678330806
"X18",2014-03-29,210.387382377
"X18",2014-04-22,81.771082063
"X18",2014-04-25,132.608774341
"X18",2014-05-05,16.461578652
"X18",2014-05-10,41.019507142
"X18",2014-05-18,36.966440642
"X18",2014-05-30,37.764241167
"X18",2014-06-02,14.481909873
"X18",2014-06-10,25.984375627
"X18",2014-06-13,12.261133656
"X18",2014-07-20,24.563176218
"X18",2014-07-22,39.751701268
"X18",2014-09-18,16.724464027
"X18",2014-09-20,20.767558779
"X18",2014-09-25,208.212402923
"X18",2014-10-14,35.587237332
"X18",2014-10-15,59.220004164
"X18",2014-10-20,10.159206893
"X18",2014-10-21,13.666013045
"X18",2014-10-25,315.209650266
"X18",2014-10-31,74.095976274
"X18",2014-11-22,192.325500416
"X18",2014-11-28,161.543377241
"X18",2014-11-29,131.018977927
"X18",2014-11-30,45.2087511
"X18",2014-12-03,45.880268474
"X18",2014-12-10,131.886088427
"X18",2014-12-11,312.596608146
"X18",2014-12-24,81.324744204
"X18",2014-12-29,27.86695453
"X18",2015-02-05,154.120409624
"X18",2015-02-06,352.392310907
"X18",2015-02-08,44.575544551
"X18",2015-02-09,12.114426653
"X18",2015-03-11,37.336418223
"X18",2015-03-23,12.573938387
"X18",2015-04-05,255.542134278
"X18",2015-04-07,95.78930004
"X18",2015-04-13,57.097212842
"X18",2015-04-14,277.058974916
"X18",2015-04-25,12.316921916
"X18",2015-05-11,15.196712537
"X18",2015-05-12,94.875956157
"X18",2015-05-13,55.441257686
"X18",2015-05-31,64.014436706
"X18",2015-06-29,10.928812783
"X18",2015-07-01,10.770042883
"X18",2015-07-16,10.436399274
"X18",2015-08-07,14.135737986
"X18",2015-09-14,17.218546876
"X18",2015-09-15,71.386327727
"X18",2015-09-16,36.8090859
"X18",2015-10-01,13.177795675
"X18",2015-11-08,19.610758017
"X18",2015-11-15,120.164438398
"X18",2015-11-24,134.99112984
"X18",2015-12-03,99.630852426
"X18",2015-12-06,26.760388309
"X18",2015-12-10,110.848164787
"X18",2015-12-13,52.060299294
"X18",2015-12-22,12.532699155
"X19",2011-03-07,23.981537295
"X19",2011-03-10,54.959445764
"X19",2011-03-15,37.162953648
"X19",2011-04-20,66.012448212
"X19",2011-04-21,13.392150438
"X19",2011-04-25,69.953175016
"X19",2011-04-28,80.616319338
"X19",2011-05-14,43.675278861
"X19",2011-05-15,16.118257664
"X19",2011-05-25,394.257925646
"X19",2011-05-28,20.221597899
"X19",2011-05-31,57.095450326
"X19",2011-06-01,29.327640899
"X19",2011-06-28,123.067466603
"X19",2011-06-29,18.800833658
"X19",2011-07-18,25.961573789
"X19",2011-07-30,21.314921334
"X19",2011-08-26,14.835185418
"X19",2011-10-03,26.541095891
"X19",2011-11-03,54.990587019
"X19",2011-11-18,70.668308827
"X19",2011-11-30,28.419940082
"X19",2011-12-01,86.272372319
"X19",2012-01-15,58.0821286
"X19",2012-01-19,69.116052744
"X19",2012-01-20,91.295920576
"X19",2012-02-29,23.367680959
"X19",2012-03-01,59.486687181
"X19",2012-03-06,128.683099127
"X19",2012-03-12,35.846042083
"X19",2012-03-27,47.860421623
"X19",2012-03-31,119.625127497
"X19",2012-04-12,13.585515132
"X19",2012-04-23,15.953473875
"X19",2012-04-26,139.381162872
"X19",2012-05-14,70.742039326
"X19",2012-05-24,11.331734022
"X19",2012-06-04,207.59836789
"X19",2012-06-09,11.481823215
"X19",2012-06-23,21.062516659
"X19",2012-06-25,45.276906354
"X19",2012-10-22,40.727000824
"X19",2012-10-23,18.661613805
"X19",2012-11-08,159.665185065
"X19",2012-11-28,16.397617596
"X19",2012-11-29,77.580753952
"X19",2012-12-21,10.466688629
"X19",2013-04-14,20.629722922
"X19",2013-04-15,10.239294712
"X19",2013-06-10,28.237612612
"X19",2013-06-18,29.455876327
"X19",2013-06-19,49.013359954
"X19",2013-07-02,22.798935299
"X19",2013-07-03,20.71048321
"X19",2013-08-20,56.43369049
"X19",2013-09-20,29.58442726
"X19",2013-09-21,64.080985834
"X19",2013-10-27,113.678704126
"X19",2013-10-28,10.829313603
"X19",2014-02-19,60.394348371
"X19",2014-03-10,11.459299874
"X19",2014-03-29,110.769954038
"X19",2014-04-22,27.573547851
"X19",2014-04-25,10.321980775
"X19",2014-05-10,22.857292097
"X19",2014-06-10,34.937526127
"X19",2014-07-19,19.246690924
"X19",2014-07-20,34.70574276
"X19",2014-07-22,12.408374203
"X19",2014-07-29,10.437430786
"X19",2014-09-20,26.582028162
"X19",2014-09-25,137.811791387
"X19",2014-10-15,24.354005174
"X19",2014-10-21,12.4083742
"X19",2014-10-25,86.868801261
"X19",2014-10-31,27.00788295
"X19",2014-11-22,70.102384293
"X19",2014-11-28,58.882342113
"X19",2014-11-29,47.756239919
"X19",2014-11-30,16.478528516
"X19",2014-12-03,25.823320504
"X19",2014-12-10,74.230967801
"X19",2014-12-11,175.942353221
"X19",2014-12-24,45.772943457
"X19",2014-12-29,15.684679328
"X19",2015-02-05,68.406385015
"X19",2015-02-06,156.409421418
"X19",2015-02-08,19.784867371
"X19",2015-03-11,16.571779212
"X19",2015-04-05,72.923387099
"X19",2015-04-07,34.092741932
"X19",2015-04-13,48.124999999
"X19",2015-04-14,134.939516139
"X19",2015-04-25,13.68951613
"X19",2015-05-11,27.963709676
"X19",2015-05-12,202.520161294
"X19",2015-05-13,50.806451614
"X19",2015-05-31,73.977853855
"X19",2015-06-21,12.047009723
"X19",2015-06-28,10.851130813
"X19",2015-07-01,10.792317092
"X19",2015-07-16,27.113123596
"X19",2015-08-07,50.785644731
"X19",2015-08-08,20.045675253
"X19",2015-09-15,12.626873911
"X19",2015-09-16,37.836030064
"X19",2015-11-24,54.405760303
"X19",2015-12-03,55.473180628
"X19",2015-12-06,26.609263749
"X19",2015-12-10,171.320961711
"X19",2015-12-13,74.490689623
"X2",2011-02-15,142.345112271
"X2",2011-02-16,67.610629745
"X2",2011-03-10,295.031536213
"X2",2011-03-15,117.250390762
"X2",2011-03-18,16.91548331
"X2",2011-04-02,13.204946267
"X2",2011-04-20,71.801895314
"X2",2011-04-21,24.856369443
"X2",2011-04-25,151.808334467
"X2",2011-04-28,77.821797298
"X2",2011-05-14,23.438269886
"X2",2011-05-15,36.136405789
"X2",2011-05-25,503.500232739
"X2",2011-05-28,108.298979816
"X2",2011-05-30,15.989466945
"X2",2011-05-31,351.631793488
"X2",2011-06-01,185.422175455
"X2",2011-06-28,254.652189276
"X2",2011-07-30,27.99398636
"X2",2011-09-30,30.863286263
"X2",2011-10-03,93.171088296
"X2",2011-11-03,308.33333333
"X2",2011-11-18,320.459712548
"X2",2011-11-30,30.174647841
"X2",2011-12-01,19.491478266
"X2",2012-01-15,146.499075395
"X2",2012-01-19,149.241318711
"X2",2012-01-20,139.432525314
"X2",2012-02-24,11.10494777
"X2",2012-02-29,57.770406068
"X2",2012-03-01,40.347976901
"X2",2012-03-06,73.662820217
"X2",2012-03-12,141.106869689
"X2",2012-03-13,54.537632382
"X2",2012-03-31,181.790712891
"X2",2012-04-12,19.857423153
"X2",2012-04-23,49.551340749
"X2",2012-04-26,203.082624805
"X2",2012-05-14,80.592473714
"X2",2012-05-17,19.622515333
"X2",2012-06-04,450.573248404
"X2",2012-06-23,48.311683974
"X2",2012-06-24,28.426367087
"X2",2012-06-25,202.707591491
"X2",2012-07-12,38.742036574
"X2",2012-08-13,10.59134813
"X2",2012-09-08,17.113388825
"X2",2012-10-22,75.978986847
"X2",2012-10-23,25.753699141
"X2",2012-11-08,548.197425678
"X2",2012-11-17,20.501172887
"X2",2012-11-18,21.19534353
"X2",2012-11-28,72.725944018
"X2",2012-11-29,405.372514542
"X2",2012-12-01,11.615788704
"X2",2012-12-02,16.26673199
"X2",2012-12-20,11.916595982
"X2",2012-12-21,138.463903601
"X2",2012-12-23,32.487185935
"X2",2013-03-05,33.042522449
"X2",2013-03-06,14.670139519
"X2",2013-04-07,21.70396333
"X2",2013-04-14,112.757257118
"X2",2013-04-15,51.986159801
"X2",2013-05-14,11.62674651
"X2",2013-06-10,103.842315367
"X2",2013-06-18,22.604790416
"X2",2013-06-19,23.103792411
"X2",2013-06-29,29.590818364
"X2",2013-07-02,20.159680635
"X2",2013-08-20,80.785121016
"X2",2013-09-21,134.591784595
"X2",2013-10-27,148.356792607
"X2",2013-10-28,12.357392316
"X2",2014-02-15,24.239076155
"X2",2014-03-10,36.455056178
"X2",2014-03-29,107.521802331
"X2",2014-04-22,32.712693799
"X2",2014-05-18,18.463339797
"X2",2014-06-10,50.785045227
"X2",2014-09-25,111.764480819
"X2",2014-10-15,26.071963266
"X2",2014-10-25,593.877245676
"X2",2014-10-31,99.097077086
"X2",2014-11-22,169.195635754
"X2",2014-11-28,42.90539546
"X2",2014-11-29,20.648750478
"X2",2014-11-30,26.008398832
"X2",2014-12-10,106.009680999
"X2",2014-12-11,251.857341891
"X2",2014-12-24,12.146335159
"X2",2015-02-05,123.849572004
"X2",2015-02-06,243.769423695
"X2",2015-02-08,15.909028951
"X2",2015-04-05,323.364025039
"X2",2015-04-07,89.025299743
"X2",2015-04-13,116.358813609
"X2",2015-04-14,294.09419967
"X2",2015-05-03,17.156620743
"X2",2015-05-12,155.085044172
"X2",2015-05-13,48.677971186
"X2",2015-05-20,16.213664211
"X2",2015-05-31,39.45177696
"X2",2015-07-30,25.314522064
"X2",2015-08-07,13.872181376
"X2",2015-08-08,24.74019608
"X2",2015-09-15,102.397486775
"X2",2015-09-16,46.70634921
"X2",2015-10-01,13.058862431
"X2",2015-11-15,137.978900782
"X2",2015-11-24,158.873499464
"X2",2015-12-03,124.373597198
"X2",2015-12-06,59.763936313
"X2",2015-12-10,310.04353932
"X2",2015-12-13,139.055728417
"X20",2011-02-14,15.336765658
"X20",2011-03-07,11.455883408
"X20",2011-03-10,29.590936023
"X20",2011-03-15,53.613787584
"X20",2011-04-20,10.987392189
"X20",2011-05-25,22.579096196
"X20",2013-04-14,65.004881458
"X20",2013-04-15,11.668410043
"X20",2013-08-18,12.997612653
"X20",2014-07-20,18.116134754
"X20",2014-09-25,17.937943262
"X20",2014-10-25,19.85572598
"X20",2014-11-30,15.727401131
"X20",2014-12-03,97.653932719
"X20",2014-12-10,82.393957451
"X20",2014-12-11,192.359915709
"X20",2015-02-05,80.150854731
"X20",2015-02-06,183.262846179
"X20",2015-02-08,23.18166689
"X20",2015-03-11,19.416934078
"X20",2015-04-05,78.137376538
"X20",2015-04-07,36.530357674
"X20",2015-04-13,51.565915896
"X20",2015-04-14,144.587630934
"X20",2015-04-25,14.668310386
"X20",2015-05-11,29.963102368
"X20",2015-05-12,217.000261895
"X20",2015-05-13,54.439090093
"X20",2015-07-16,31.212667257
"X20",2015-08-07,50.654505535
"X20",2015-11-15,26.025278143
"X20",2015-11-24,88.716620051
"X20",2015-12-03,63.305233393
"X20",2015-12-06,14.826409349
"X20",2015-12-10,113.662937414
"X20",2015-12-13,66.151457522
"X21",2011-02-14,31.772010558
"X21",2011-02-15,90.50240374
"X21",2011-02-16,37.827754705
"X21",2011-03-10,275.326457729
"X21",2011-03-15,172.599021445
"X21",2011-03-18,73.09558071
"X21",2011-04-02,34.339970218
"X21",2011-04-07,27.930781606
"X21",2011-04-20,59.624572768
"X21",2011-04-25,138.718186218
"X21",2011-04-28,276.057944196
"X21",2011-05-14,310.346986743
"X21",2011-05-15,135.527851806
"X21",2011-05-25,913.654512869
"X21",2011-05-28,198.463226979
"X21",2011-05-30,50.839669226
"X21",2011-05-31,444.068696303
"X21",2011-06-01,252.410439329
"X21",2011-06-04,34.550517124
"X21",2011-06-27,14.613423969
"X21",2011-06-28,299.415188816
"X21",2011-06-29,15.107972378
"X21",2011-07-18,25.913339994
"X21",2011-09-30,15.716008411
"X21",2011-10-01,23.160936123
"X21",2011-10-03,147.303553762
"X21",2011-10-04,11.828791502
"X21",2011-10-05,29.096821413
"X21",2011-11-03,459.157160605
"X21",2011-11-18,600.472544118
"X21",2011-11-30,29.310625729
"X21",2011-12-01,50.596255708
"X21",2012-01-15,74.276076084
"X21",2012-01-19,100.033632003
"X21",2012-01-20,59.627398865
"X21",2012-02-24,10.723003939
"X21",2012-02-28,19.340366101
"X21",2012-02-29,203.917955965
"X21",2012-03-01,29.8871269
"X21",2012-03-06,81.470712452
"X21",2012-03-12,235.363443321
"X21",2012-03-13,80.700808188
"X21",2012-03-27,42.6481569
"X21",2012-03-31,407.6781894
"X21",2012-04-12,66.4260399
"X21",2012-04-23,48.9605463
"X21",2012-04-26,276.6261744
"X21",2012-05-14,187.190150984
"X21",2012-05-17,26.813351347
"X21",2012-05-24,31.213241268
"X21",2012-05-25,42.562034851
"X21",2012-06-04,356.902510414
"X21",2012-06-21,22.4946402
"X21",2012-06-22,14.319936959
"X21",2012-06-23,120.201420945
"X21",2012-06-24,35.702427856
"X21",2012-06-25,225.181820447
"X21",2012-10-22,61.002941647
"X21",2012-10-23,31.830577202
"X21",2012-10-31,22.990616873
"X21",2012-11-08,705.126057452
"X21",2012-11-17,46.0536849
"X21",2012-11-18,10.5024051
"X21",2012-11-28,135.3210876
"X21",2012-11-29,985.4077707
"X21",2012-11-30,18.487152
"X21",2012-12-01,20.2993794
"X21",2012-12-02,79.3183959
"X21",2012-12-11,60.7278618
"X21",2012-12-12,75.4993395
"X21",2012-12-20,26.9948907
"X21",2012-12-21,345.8009619
"X21",2012-12-23,101.679336
"X21",2013-02-25,18.8398674
"X21",2013-03-05,64.4070483
"X21",2013-03-06,137.6867133
"X21",2013-04-04,29.809246631
"X21",2013-04-07,28.268204062
"X21",2013-04-14,34.27165208
"X21",2013-04-15,28.750370756
"X21",2013-06-10,85.872162757
"X21",2013-06-18,57.34622009
"X21",2013-06-19,66.936627304
"X21",2013-06-29,11.282832006
"X21",2013-07-02,31.015524082
"X21",2013-08-20,41.73921434
"X21",2013-09-20,54.491165625
"X21",2013-09-21,189.330488606
"X21",2013-10-27,304.030183242
"X21",2013-10-28,50.868447744
"X21",2013-12-03,93.139097745
"X21",2014-01-11,18.796992481
"X21",2014-02-15,151.37926234
"X21",2014-02-19,32.627696592
"X21",2014-03-10,29.529575504
"X21",2014-03-17,11.057759221
"X21",2014-03-25,26.928322891
"X21",2014-03-29,404.123902912
"X21",2014-04-22,119.585802438
"X21",2014-04-25,152.002260368
"X21",2014-05-10,10.748213088
"X21",2014-05-18,23.615523248
"X21",2014-06-10,12.822764574
"X21",2014-09-25,273.097969091
"X21",2014-10-14,15.128453853
"X21",2014-10-15,75.242857245
"X21",2014-10-21,22.339577398
"X21",2014-10-25,596.499101971
"X21",2014-10-31,59.030183944
"X21",2014-11-22,332.443310784
"X21",2014-11-28,251.606325243
"X21",2014-11-29,172.073607249
"X21",2014-11-30,44.000052932
"X21",2014-12-03,47.384539571
"X21",2014-12-10,136.210222481
"X21",2014-12-11,322.845677263
"X21",2014-12-24,83.991129256
"X21",2014-12-29,28.780625177
"X21",2015-02-05,122.448061174
"X21",2015-02-06,252.897891501
"X21",2015-02-08,63.687052275
"X21",2015-02-09,20.841703802
"X21",2015-03-11,32.407409194
"X21",2015-03-23,10.628341341
"X21",2015-04-05,404.331565657
"X21",2015-04-07,116.785406891
"X21",2015-04-13,84.92073187
"X21",2015-04-14,411.506788443
"X21",2015-04-25,15.150345668
"X21",2015-05-11,11.079212594
"X21",2015-05-12,157.520615278
"X21",2015-05-13,50.477274624
"X21",2015-05-31,119.958856199
"X21",2015-08-07,11.707696175
"X21",2015-09-15,29.942106307
"X21",2015-09-16,50.188133861
"X21",2015-10-01,14.758597337
"X21",2015-11-08,22.289650162
"X21",2015-11-15,325.461696481
"X21",2015-11-24,299.898988844
"X21",2015-12-03,163.723931857
"X21",2015-12-06,85.668786413
"X21",2015-12-10,270.026788746
"X21",2015-12-13,151.126482391
"X22",2011-02-14,19.262233089
"X22",2011-02-15,38.395660794
"X22",2011-02-16,19.309071182
"X22",2011-03-10,218.605857803
"X22",2011-03-15,141.662307614
"X22",2011-03-18,36.545549539
"X22",2011-04-02,40.262040009
"X22",2011-04-07,23.942118751
"X22",2011-04-20,100.210861906
"X22",2011-04-21,14.35591886
"X22",2011-04-25,178.350080367
"X22",2011-04-28,260.557589669
"X22",2011-05-14,151.531559282
"X22",2011-05-15,49.121329304
"X22",2011-05-25,683.234539766
"X22",2011-05-28,163.787182666
"X22",2011-05-30,44.377217338
"X22",2011-05-31,429.803397289
"X22",2011-06-01,222.413209503
"X22",2011-06-04,23.447362541
"X22",2011-06-27,12.161849812
"X22",2011-06-28,301.566852655
"X22",2011-07-18,27.262405353
"X22",2011-09-30,13.981322661
"X22",2011-10-01,21.199993071
"X22",2011-10-03,120.272363432
"X22",2011-10-05,18.832579656
"X22",2011-11-03,368.322936941
"X22",2011-11-18,557.62915361
"X22",2011-11-30,28.023719953
"X22",2011-12-01,30.24535005
"X22",2012-01-15,73.946975844
"X22",2012-01-19,78.2244158
"X22",2012-01-20,74.825901867
"X22",2012-02-28,12.222691812
"X22",2012-02-29,132.430502274
"X22",2012-03-06,48.661169716
"X22",2012-03-12,185.190663083
"X22",2012-03-13,81.473357297
"X22",2012-03-23,11.918812732
"X22",2012-03-27,30.569675239
"X22",2012-03-31,297.997320849
"X22",2012-04-10,12.472210307
"X22",2012-04-11,10.6478034
"X22",2012-04-12,47.890681281
"X22",2012-04-23,41.190329724
"X22",2012-04-25,15.083935667
"X22",2012-04-26,208.156140314
"X22",2012-05-14,146.317688401
"X22",2012-05-17,14.744015114
"X22",2012-05-24,20.648636545
"X22",2012-05-25,32.019417428
"X22",2012-06-04,335.131112665
"X22",2012-06-21,47.517587156
"X22",2012-06-22,14.901861426
"X22",2012-06-23,119.080429726
"X22",2012-06-24,42.980967119
"X22",2012-06-25,214.127296364
"X22",2012-10-22,51.610940698
"X22",2012-10-23,23.648769212
"X22",2012-10-31,32.751930293
"X22",2012-11-08,560.794467743
"X22",2012-11-17,27.079561115
"X22",2012-11-18,15.108791933
"X22",2012-11-28,85.116950465
"X22",2012-11-29,676.805012216
"X22",2012-12-01,35.824481926
"X22",2012-12-02,28.495923224
"X22",2012-12-11,28.268691901
"X22",2012-12-12,38.3170562
"X22",2012-12-20,33.319361139
"X22",2012-12-21,154.810052071
"X22",2012-12-23,27.575845473
"X22",2013-03-05,53.750663466
"X22",2013-03-06,54.7752955
"X22",2013-04-04,35.299862646
"X22",2013-04-07,46.395962808
"X22",2013-04-14,102.928544092
"X22",2013-04-15,42.469377652
"X22",2013-06-10,73.559914913
"X22",2013-06-18,61.272892483
"X22",2013-06-19,115.823343084
"X22",2013-07-02,27.784208059
"X22",2013-08-18,12.919664685
"X22",2013-08-20,30.289426521
"X22",2013-09-05,10.230831065
"X22",2013-09-20,36.391408011
"X22",2013-09-21,164.173015268
"X22",2013-09-24,41.867163255
"X22",2013-10-27,312.205255507
"X22",2013-10-28,78.685702459
"X22",2013-12-03,69.137148986
"X22",2014-01-11,11.552856926
"X22",2014-02-15,87.225866693
"X22",2014-02-19,45.819111881
"X22",2014-03-06,11.946372097
"X22",2014-03-10,44.886705219
"X22",2014-03-17,16.329106551
"X22",2014-03-25,23.002655545
"X22",2014-03-29,315.732551378
"X22",2014-04-22,94.117654368
"X22",2014-04-25,126.632338079
"X22",2014-05-10,23.552897761
"X22",2014-05-18,35.764662839
"X22",2014-06-10,23.705258432
"X22",2014-09-25,259.85685544
"X22",2014-10-14,14.394953058
"X22",2014-10-15,71.594718705
"X22",2014-10-21,21.256446373
"X22",2014-10-25,459.990985704
"X22",2014-10-31,87.650118272
"X22",2014-11-22,227.506994398
"X22",2014-11-28,191.093995024
"X22",2014-11-29,154.985864118
"X22",2014-11-30,53.478644594
"X22",2014-12-03,43.561183858
"X22",2014-12-10,125.219715107
"X22",2014-12-11,296.795959927
"X22",2014-12-24,77.214067244
"X22",2014-12-29,26.458378966
"X22",2015-02-05,119.619228082
"X22",2015-02-06,247.055365971
"X22",2015-02-08,62.215734229
"X22",2015-02-09,20.360212301
"X22",2015-03-11,31.658723182
"X22",2015-03-23,10.382802102
"X22",2015-04-05,314.494886515
"X22",2015-04-07,117.887584878
"X22",2015-04-13,70.269357045
"X22",2015-04-14,340.975593435
"X22",2015-04-25,15.158396365
"X22",2015-05-11,18.702545468
"X22",2015-05-12,116.763535501
"X22",2015-05-13,68.231378349
"X22",2015-05-31,85.179779421
"X22",2015-08-07,11.435906741
"X22",2015-09-15,26.990865818
"X22",2015-09-16,31.679485483
"X22",2015-11-08,13.032960008
"X22",2015-11-15,176.768736388
"X22",2015-11-24,219.38957485
"X22",2015-12-03,121.553649973
"X22",2015-12-06,46.175407367
"X22",2015-12-10,182.258790323
"X22",2015-12-13,86.598123161
"X23",2011-02-14,34.789741876
"X23",2011-02-15,51.712632517
"X23",2011-02-16,21.978629159
"X23",2011-03-10,224.554737619
"X23",2011-03-15,161.978193264
"X23",2011-03-18,65.67747532
"X23",2011-04-02,20.350452815
"X23",2011-04-07,31.507617204
"X23",2011-04-20,133.607165994
"X23",2011-04-21,35.973417754
"X23",2011-04-25,153.216579112
"X23",2011-04-28,261.748251514
"X23",2011-05-14,224.115620856
"X23",2011-05-15,61.04919411
"X23",2011-05-25,634.229856157
"X23",2011-05-28,214.921441707
"X23",2011-05-30,45.773338495
"X23",2011-05-31,330.897482309
"X23",2011-06-01,198.19102095
"X23",2011-06-04,40.197071274
"X23",2011-06-27,18.288660262
"X23",2011-06-28,243.159193218
"X23",2011-06-29,11.463502844
"X23",2011-07-18,14.021418345
"X23",2011-09-30,14.578355751
"X23",2011-10-01,17.62065719
"X23",2011-10-03,117.538654596
"X23",2011-10-04,11.871148385
"X23",2011-10-05,33.807464481
"X23",2011-11-03,437.492702672
"X23",2011-11-18,553.093191046
"X23",2011-11-23,34.407106929
"X23",2011-11-30,43.261567439
"X23",2011-12-01,28.135636089
"X23",2012-01-15,95.886676593
"X23",2012-01-19,64.356738145
"X23",2012-01-20,55.45016961
"X23",2012-02-28,16.030693707
"X23",2012-02-29,108.21448673
"X23",2012-03-01,33.367964329
"X23",2012-03-06,54.032448263
"X23",2012-03-12,154.157377364
"X23",2012-03-13,57.322264027
"X23",2012-03-23,16.957451751
"X23",2012-03-27,69.039310237
"X23",2012-03-31,386.755029783
"X23",2012-04-10,18.410616154
"X23",2012-04-11,22.071124572
"X23",2012-04-12,53.402594938
"X23",2012-04-23,37.33758615
"X23",2012-04-25,14.207736068
"X23",2012-04-26,214.22079807
"X23",2012-05-04,19.15312497
"X23",2012-05-14,146.380643751
"X23",2012-05-17,32.154035152
"X23",2012-05-24,67.018391942
"X23",2012-05-25,55.946934969
"X23",2012-05-26,12.333515133
"X23",2012-06-04,323.619644063
"X23",2012-06-21,32.342826644
"X23",2012-06-22,23.89376102
"X23",2012-06-23,107.088738641
"X23",2012-06-24,35.358318077
"X23",2012-06-25,167.101156057
"X23",2012-06-26,10.939561545
"X23",2012-10-22,62.143785736
"X23",2012-10-23,28.475048646
"X23",2012-10-31,37.483275057
"X23",2012-11-08,641.806852264
"X23",2012-11-17,28.208943541
"X23",2012-11-18,15.738920467
"X23",2012-11-28,88.666845076
"X23",2012-11-29,705.031898301
"X23",2012-12-01,37.318580749
"X23",2012-12-02,29.684376572
"X23",2012-12-11,29.447668318
"X23",2012-12-12,39.915110534
"X23",2012-12-20,34.708981193
"X23",2012-12-21,161.266572974
"X23",2012-12-23,28.725925981
"X23",2013-03-05,55.992393105
"X23",2013-03-06,57.059758537
"X23",2013-04-04,32.930099415
"X23",2013-04-07,68.424114403
"X23",2013-04-14,79.077520168
"X23",2013-04-15,112.995859117
"X23",2013-06-10,91.900056307
"X23",2013-06-18,76.549602801
"X23",2013-06-19,144.700707751
"X23",2013-06-29,11.910732205
"X23",2013-07-02,34.711436084
"X23",2013-08-18,15.601817295
"X23",2013-08-20,36.57758233
"X23",2013-09-05,12.354775526
"X23",2013-09-20,43.946349441
"X23",2013-09-21,198.255717274
"X23",2013-09-24,41.153518425
"X23",2013-10-27,306.883575063
"X23",2013-10-28,77.344468904
"X23",2013-12-03,48.537737893
"X23",2014-01-11,27.518334306
"X23",2014-01-29,17.675710145
"X23",2014-02-15,61.570337989
"X23",2014-02-19,64.057565159
"X23",2014-02-26,13.805712829
"X23",2014-03-06,12.275933046
"X23",2014-03-10,39.437534336
"X23",2014-03-17,35.893282737
"X23",2014-03-25,30.957151417
"X23",2014-03-29,224.606304333
"X23",2014-04-22,87.297538178
"X23",2014-04-25,141.571069486
"X23",2014-05-05,17.574125896
"X23",2014-05-10,43.791789226
"X23",2014-05-18,39.464798336
"X23",2014-05-30,40.316517795
"X23",2014-06-02,15.460662231
"X23",2014-06-10,27.740516158
"X23",2014-06-13,13.089796005
"X23",2014-07-20,23.457833291
"X23",2014-07-22,37.962874725
"X23",2014-09-18,15.971863147
"X23",2014-09-20,19.833018632
"X23",2014-09-25,198.842844796
"X23",2014-10-14,33.985811652
"X23",2014-10-15,56.555103983
"X23",2014-10-21,13.051042454
"X23",2014-10-25,549.341752735
"X23",2014-10-31,91.465358233
"X23",2014-11-22,237.409933444
"X23",2014-11-28,199.411946708
"X23",2014-11-29,161.732098768
"X23",2014-11-30,55.806466462
"X23",2014-12-03,39.612472229
"X23",2014-12-10,113.868863231
"X23",2014-12-11,269.89215348
"X23",2014-12-24,70.214806466
"X23",2014-12-29,24.059993538
"X23",2015-02-05,121.359520402
"X23",2015-02-06,277.485389201
"X23",2015-02-08,35.100261694
"X23",2015-03-11,29.399933603
"X23",2015-04-05,371.282027475
"X23",2015-04-07,139.174096006
"X23",2015-04-13,82.957626571
"X23",2015-04-14,402.544254525
"X23",2015-04-25,17.895490119
"X23",2015-05-11,22.079592697
"X23",2015-05-12,137.847081308
"X23",2015-05-13,80.551657822
"X23",2015-05-31,80.506291589
"X23",2015-06-29,13.744371331
"X23",2015-07-01,13.544697997
"X23",2015-07-16,13.125098748
"X23",2015-08-07,17.777487432
"X23",2015-09-14,10.644192617
"X23",2015-09-15,44.12972987
"X23",2015-09-16,22.754707651
"X23",2015-11-08,12.123014044
"X23",2015-11-15,189.285357711
"X23",2015-11-24,212.640650051
"X23",2015-12-03,156.940454168
"X23",2015-12-06,42.153483523
"X23",2015-12-09,12.55434753
"X23",2015-12-10,174.610182499
"X23",2015-12-13,82.006394762
"X23",2015-12-22,19.741751169
"X24",2011-03-07,11.732538269
"X24",2011-03-10,26.887926021
"X24",2011-03-15,18.181310498
"X24",2011-04-20,32.295409822
"X24",2011-04-25,34.22333994
"X24",2011-04-28,39.440092604
"X24",2011-05-14,42.275381504
"X24",2011-05-15,15.601628873
"X24",2011-05-25,381.621014217
"X24",2011-05-28,19.573447222
"X24",2011-05-31,55.265404302
"X24",2011-06-01,28.387619722
"X24",2011-06-28,30.766228992
"X24",2011-10-03,22.350396542
"X24",2011-11-03,70.821210561
"X24",2011-11-18,93.067638856
"X24",2011-11-30,37.428046086
"X24",2011-12-01,113.617633184
"X24",2012-01-15,32.69103413
"X24",2012-01-19,38.901384875
"X24",2012-01-20,51.385135624
"X24",2012-03-01,13.818250737
"X24",2012-03-06,29.891987835
"X24",2012-03-27,27.460897658
"X24",2012-03-31,68.63736824
"X24",2012-04-26,79.972798372
"X24",2012-05-14,21.744479301
"X24",2012-06-04,63.810973739
"X24",2012-06-25,13.917081876
"X24",2012-10-31,11.989135773
"X24",2012-11-08,205.283809357
"X24",2012-11-28,12.84944971
"X24",2012-11-29,60.793587278
"X24",2013-04-07,19.566037735
"X24",2013-04-14,46.549266251
"X24",2013-04-15,23.104122991
"X24",2013-06-10,10.298423422
"X24",2013-06-18,10.742731367
"X24",2013-06-19,17.875460689
"X24",2013-08-20,25.347335554
"X24",2013-09-20,13.287920715
"X24",2013-09-21,28.782137704
"X24",2013-10-27,63.897833691
"X24",2014-02-19,34.262178407
"X24",2014-03-29,55.571458418
"X24",2014-04-22,13.833194039
"X24",2014-05-10,11.467126341
"X24",2014-06-10,17.527580443
"X24",2014-07-20,12.458471757
"X24",2014-09-25,49.47089947
"X24",2014-10-25,84.386835509
"X24",2014-10-31,24.999861914
"X24",2014-11-22,64.89031111
"X24",2014-11-28,54.504472813
"X24",2014-11-29,44.205590114
"X24",2014-11-30,15.25335911
"X24",2014-12-03,32.404506553
"X24",2014-12-10,93.14905427
"X24",2014-12-11,220.782030636
"X24",2014-12-24,57.438378078
"X24",2014-12-29,19.681988386
"X24",2015-02-05,52.747092091
"X24",2015-02-06,120.604855067
"X24",2015-02-08,15.255801347
"X24",2015-03-11,12.778239448
"X24",2015-04-05,52.62687486
"X24",2015-04-07,24.603827862
"X24",2015-04-13,34.730536438
"X24",2015-04-14,97.382270785
"X24",2015-05-11,20.180667798
"X24",2015-05-12,146.153430431
"X24",2015-05-13,36.665668964
"X24",2015-05-31,23.943626992
"X24",2015-08-07,16.437250757
"X25",2011-03-10,11.598375576
"X25",2011-04-20,13.930947745
"X25",2011-04-25,14.762579669
"X25",2011-04-28,17.012878065
"X25",2011-05-25,37.053800873
"X25",2011-11-18,14.643167652
"X25",2011-12-01,17.876482861
"X25",2012-03-06,18.518688393
"X25",2013-04-14,19.752914045
"X25",2013-10-27,31.948916847
"X25",2014-03-29,14.545549518
"X25",2014-07-20,12.19150451
"X25",2014-09-25,48.410808764
"X25",2014-10-25,239.096033943
"X25",2014-10-31,59.839026908
"X25",2014-11-22,155.319780835
"X25",2014-11-28,130.460505192
"X25",2014-11-29,105.809364279
"X25",2014-11-30,36.510048311
"X25",2014-12-03,50.142369915
"X25",2014-12-10,144.137801553
"X25",2014-12-11,341.635637329
"X25",2014-12-24,88.879501857
"X25",2014-12-29,30.45568802
"X25",2015-02-05,49.244355511
"X25",2015-02-06,112.595938908
"X25",2015-02-08,14.242720787
"X25",2015-03-11,11.9296845
"X25",2015-04-05,71.213684634
"X25",2015-04-07,33.293431214
"X25",2015-04-13,46.996700366
"X25",2015-04-14,131.775833916
"X25",2015-04-25,13.368562861
"X25",2015-05-11,27.308095272
"X25",2015-05-12,197.772038194
"X25",2015-05-13,49.615284838
"X25",2015-05-31,17.144066322
"X25",2015-08-07,11.76936632
"X25",2015-09-16,16.755956169
"X25",2015-11-15,27.315238057
"X25",2015-11-24,93.113917272
"X25",2015-12-03,66.442998623
"X25",2015-12-06,15.56129001
"X25",2015-12-10,119.296715149
"X25",2015-12-13,69.430297723
"X26",2014-11-22,10.109750619
"X26",2014-12-11,13.747867379
"X26",2015-02-06,16.775977919
"X26",2015-04-05,10.967974444
"X26",2015-04-14,11.162610896
"X26",2015-11-15,17.194073855
"X26",2015-11-24,15.843601317
"X26",2015-12-10,14.265459187
"X3",2011-02-14,14.756421556
"X3",2011-02-15,109.149236733
"X3",2011-02-16,49.067364927
"X3",2011-03-07,40.255759417
"X3",2011-03-10,204.53788404
"X3",2011-03-15,83.649898868
"X3",2011-03-18,14.515007704
"X3",2011-04-20,37.199453659
"X3",2011-04-21,12.877701334
"X3",2011-04-25,78.649554839
"X3",2011-04-28,40.318271958
"X3",2011-05-14,32.797633445
"X3",2011-05-15,50.566385515
"X3",2011-05-25,704.557808523
"X3",2011-05-28,151.544898971
"X3",2011-05-30,22.374376536
"X3",2011-05-31,492.045305584
"X3",2011-06-01,259.464908104
"X3",2011-06-28,300.881355951
"X3",2011-07-30,37.57087643
"X3",2011-09-30,45.632220796
"X3",2011-10-03,137.756026236
"X3",2011-11-03,148.333333337
"X3",2011-11-18,223.241597502
"X3",2011-11-30,21.020541199
"X3",2011-12-01,13.578333175
"X3",2012-01-15,78.368911465
"X3",2012-01-19,79.835860138
"X3",2012-01-20,74.588697592
"X3",2012-02-24,13.38345299
"X3",2012-02-28,11.004172459
"X3",2012-02-29,69.623696563
"X3",2012-03-01,48.626545864
"X3",2012-03-06,88.776904844
"X3",2012-03-12,170.059076017
"X3",2012-03-13,65.727624683
"X3",2012-03-27,10.621212122
"X3",2012-03-31,225.949095296
"X3",2012-04-12,24.680946153
"X3",2012-04-23,61.587747978
"X3",2012-04-26,252.412978763
"X3",2012-05-14,87.129077016
"X3",2012-05-17,21.214036139
"X3",2012-05-24,10.559665311
"X3",2012-05-25,10.370254274
"X3",2012-06-04,487.117834442
"X3",2012-06-23,52.230093457
"X3",2012-06-24,30.731940754
"X3",2012-06-25,219.148569791
"X3",2012-07-12,28.029952734
"X3",2012-09-08,12.381576244
"X3",2012-10-22,54.970972055
"X3",2012-10-23,18.632860662
"X3",2012-11-08,534.055762312
"X3",2012-11-17,27.744782431
"X3",2012-11-18,28.684222022
"X3",2012-11-28,98.421953941
"X3",2012-11-29,548.601403448
"X3",2012-12-01,15.719955736
"X3",2012-12-02,22.014200963
"X3",2012-12-12,11.523792253
"X3",2012-12-20,16.12704622
"X3",2012-12-21,187.386882715
"X3",2012-12-23,43.965772619
"X3",2013-03-05,44.717324283
"X3",2013-03-06,19.853489913
"X3",2013-04-14,41.180911302
"X3",2013-04-15,18.986249662
"X3",2013-06-10,50.767354176
"X3",2013-06-18,11.051230871
"X3",2013-06-19,11.295187402
"X3",2013-06-29,14.466622307
"X3",2013-08-18,11.311921485
"X3",2013-08-20,114.99661353
"X3",2013-09-20,10.266281682
"X3",2013-09-21,191.589728972
"X3",2013-10-27,270.578191724
"X3",2013-10-28,22.537834693
"X3",2014-01-11,10.845817732
"X3",2014-02-15,32.710986266
"X3",2014-03-10,49.196629213
"X3",2014-03-29,172.2747093
"X3",2014-04-22,52.413275193
"X3",2014-05-10,13.642764859
"X3",2014-05-18,29.582525842
"X3",2014-06-10,81.369347545
"X3",2014-09-25,269.364956573
"X3",2014-10-15,62.836360917
"X3",2014-10-25,671.47529955
"X3",2014-10-31,256.841993182
"X3",2014-11-20,13.379471891
"X3",2014-11-22,438.524985767
"X3",2014-11-28,111.203151619
"X3",2014-11-29,53.517887573
"X3",2014-11-30,67.409142541
"X3",2014-12-03,17.839409087
"X3",2014-12-10,245.147387282
"X3",2014-12-11,582.420103118
"X3",2014-12-24,28.088400056
"X3",2014-12-29,14.121260109
"X3",2015-02-05,241.573251205
"X3",2015-02-06,475.481435056
"X3",2015-02-08,31.031159692
"X3",2015-04-05,495.661199003
"X3",2015-04-07,136.460408075
"X3",2015-04-13,178.357963806
"X3",2015-04-14,450.79561208
"X3",2015-05-03,26.298136307
"X3",2015-05-11,12.769436264
"X3",2015-05-12,237.718586448
"X3",2015-05-13,74.614922165
"X3",2015-05-20,18.496620095
"X3",2015-05-31,45.006762252
"X3",2015-07-30,28.878919114
"X3",2015-08-07,15.825446082
"X3",2015-08-08,28.22372549
"X3",2015-09-15,150.901559444
"X3",2015-09-16,68.830409363
"X3",2015-10-01,19.244639379
"X3",2015-11-08,10.640838207
"X3",2015-11-15,202.685978687
"X3",2015-11-24,233.379382918
"X3",2015-12-03,182.700283344
"X3",2015-12-06,87.791045248
"X3",2015-12-10,455.442664392
"X3",2015-12-13,204.267799344
"X4",2011-02-14,18.266784164
"X4",2011-02-15,49.614673753
"X4",2011-02-16,11.840273018
"X4",2011-03-07,53.249669123
"X4",2011-03-10,69.13376667
"X4",2011-03-15,30.950536433
"X4",2011-04-20,35.071823861
"X4",2011-04-24,23.743663324
"X4",2011-04-25,277.281001874
"X4",2011-04-28,147.587411615
"X4",2011-05-25,702.987193285
"X4",2011-05-28,46.679654419
"X4",2011-05-30,34.534047942
"X4",2011-05-31,255.836135423
"X4",2011-06-01,80.336450412
"X4",2011-06-28,118.956315528
"X4",2011-10-03,24.007274279
"X4",2011-11-03,142.500000014
"X4",2011-11-18,167.219015782
"X4",2011-11-30,52.799585284
"X4",2012-01-15,61.764665253
"X4",2012-01-19,35.146851642
"X4",2012-01-20,92.324904288
"X4",2012-02-24,12.36903216
"X4",2012-02-29,48.576910531
"X4",2012-03-01,143.367892496
"X4",2012-03-06,99.631453962
"X4",2012-03-12,21.609933218
"X4",2012-03-31,81.90364148
"X4",2012-04-12,14.261306118
"X4",2012-04-23,11.049082105
"X4",2012-04-26,166.720883153
"X4",2012-05-14,39.509468865
"X4",2012-05-24,13.720497768
"X4",2012-06-04,183.739897866
"X4",2012-06-23,37.666157374
"X4",2012-06-24,14.276969161
"X4",2012-06-25,101.764705875
"X4",2012-07-19,10.695731535
"X4",2012-08-12,11.390761022
"X4",2012-08-13,49.54015726
"X4",2012-08-14,26.140831223
"X4",2012-09-08,35.137601797
"X4",2012-10-22,19.885565851
"X4",2012-10-23,43.902695873
"X4",2012-11-08,526.799089084
"X4",2012-11-18,11.97059518
"X4",2012-11-28,12.452462358
"X4",2012-11-29,126.974537764
"X4",2012-12-01,10.758318802
"X4",2012-12-20,12.609703226
"X4",2012-12-21,56.053833616
"X4",2012-12-23,10.83947538
"X4",2013-04-14,152.167596227
"X4",2013-04-15,17.619809957
"X4",2013-05-14,17.342277484
"X4",2013-06-10,48.44175393
"X4",2013-06-18,18.530104716
"X4",2013-06-19,27.903141359
"X4",2013-07-02,30.235602094
"X4",2013-08-18,17.569444441
"X4",2013-08-20,40.161082471
"X4",2013-09-21,40.597436996
"X4",2013-10-27,45.35259463
"X4",2014-01-11,13.264669163
"X4",2014-02-15,40.0062422
"X4",2014-03-10,60.168539324
"X4",2014-03-29,51.962209307
"X4",2014-04-22,15.809108526
"X4",2014-06-10,24.542958657
"X4",2014-07-20,11.103926101
"X4",2014-09-25,45.353348726
"X4",2014-10-15,11.182448037
"X4",2014-10-25,196.53628374
"X4",2014-10-31,26.339693049
"X4",2014-11-22,157.678663635
"X4",2014-11-28,59.992688545
"X4",2014-11-29,14.084680028
"X4",2014-12-10,66.553596436
"X4",2014-12-11,214.610291125
"X4",2014-12-24,12.820330331
"X4",2014-12-29,28.834417861
"X4",2015-02-05,111.158113675
"X4",2015-02-06,251.46503564
"X4",2015-02-08,37.955410269
"X4",2015-04-05,178.717360287
"X4",2015-04-07,28.226008319
"X4",2015-04-13,81.71018962
"X4",2015-04-14,232.059464353
"X4",2015-04-25,68.749589611
"X4",2015-05-03,11.445109637
"X4",2015-05-04,10.434782717
"X4",2015-05-11,18.264816344
"X4",2015-05-12,77.416300217
"X4",2015-05-13,51.652963758
"X4",2015-05-31,28.079216446
"X4",2015-07-01,11.710792001
"X4",2015-07-16,17.296312163
"X4",2015-08-07,45.884957162
"X4",2015-08-08,15.586087745
"X4",2015-09-15,43.543980455
"X4",2015-09-16,20.096623719
"X4",2015-11-15,71.58769782
"X4",2015-11-24,155.784560271
"X4",2015-12-03,145.687046183
"X4",2015-12-06,18.379172679
"X4",2015-12-10,154.149724649
"X4",2015-12-13,88.218897464
"X5",2011-02-14,16.972178131
"X5",2011-02-15,46.098375783
"X5",2011-02-16,11.001127563
"X5",2011-03-07,49.475751266
"X5",2011-03-10,64.234108856
"X5",2011-03-15,28.757005772
"X5",2011-04-20,32.586208742
"X5",2011-04-24,22.060899163
"X5",2011-04-25,257.629504664
"X5",2011-04-28,137.127576323
"X5",2011-05-14,23.151270666
"X5",2011-05-15,35.69391919
"X5",2011-05-25,497.334923716
"X5",2011-05-28,106.972869847
"X5",2011-05-30,15.793677552
"X5",2011-05-31,347.326098052
"X5",2011-06-01,183.151699853
"X5",2011-06-28,162.977401154
"X5",2011-07-30,11.266583734
"X5",2011-11-03,98.425320116
"X5",2011-11-18,125.329132152
"X5",2011-11-30,39.57280918
"X5",2012-01-15,102.810803543
"X5",2012-01-19,58.503936602
"X5",2012-01-20,153.68006223
"X5",2012-02-24,15.110971586
"X5",2012-02-29,59.345331575
"X5",2012-03-01,175.14936672
"X5",2012-03-06,121.717532147
"X5",2012-03-12,26.400374955
"X5",2012-03-27,20.327008837
"X5",2012-03-31,168.665973581
"X5",2012-04-12,29.368621929
"X5",2012-04-23,22.753618235
"X5",2012-04-26,343.331988202
"X5",2012-05-14,74.375242921
"X5",2012-05-17,16.204113226
"X5",2012-05-24,25.828374408
"X5",2012-05-25,16.236848806
"X5",2012-06-04,345.884162274
"X5",2012-06-23,70.905271196
"X5",2012-06-24,26.875913043
"X5",2012-06-25,191.568627453
"X5",2012-08-13,20.716793035
"X5",2012-08-14,10.931620331
"X5",2012-09-08,14.69390621
"X5",2012-10-23,18.359309181
"X5",2012-11-08,254.770230297
"X5",2012-11-18,18.053942134
"X5",2012-11-28,18.7806898
"X5",2012-11-29,191.501836196
"X5",2012-12-01,16.225597995
"X5",2012-12-02,12.913158611
"X5",2012-12-20,19.017839047
"X5",2012-12-21,84.53987904
"X5",2012-12-23,16.347997601
"X5",2013-03-05,14.95570206
"X5",2013-04-14,52.574755405
"X5",2013-05-14,13.854382337
"X5",2013-06-10,22.125287188
"X5",2013-06-19,12.744481071
"X5",2013-07-02,13.80980921
"X5",2013-08-18,16.369047619
"X5",2013-08-20,37.417157588
"X5",2013-09-21,37.823699073
"X5",2013-10-27,43.815218545
"X5",2014-02-15,16.943820224
"X5",2014-03-10,25.483146067
"X5",2014-03-29,25.359514926
"X5",2014-05-18,10.370626151
"X5",2014-06-10,28.525322279
"X5",2014-07-19,10.889023945
"X5",2014-07-20,17.142903444
"X5",2014-09-25,70.019205055
"X5",2014-10-15,17.264130301
"X5",2014-10-25,140.687380136
"X5",2014-10-31,14.363592893
"X5",2014-11-22,85.985517277
"X5",2014-11-28,32.715284608
"X5",2014-12-10,26.057143745
"X5",2014-12-11,84.024478076
"X5",2014-12-29,11.289285795
"X5",2015-02-05,78.01780649
"X5",2015-02-06,176.494093331
"X5",2015-02-08,26.639511562
"X5",2015-04-05,70.691017841
"X5",2015-04-07,11.164697456
"X5",2015-04-13,32.320175634
"X5",2015-04-14,91.790297881
"X5",2015-04-25,27.193656278
"X5",2015-05-12,30.621742909
"X5",2015-05-13,20.431146575
"X5",2015-05-31,20.926348062
"X5",2015-07-16,12.890268826
"X5",2015-08-07,34.196274174
"X5",2015-08-08,11.615705074
"X5",2015-09-15,49.764549084
"X5",2015-09-16,22.967569968
"X5",2015-11-15,47.217246594
"X5",2015-11-24,102.751146106
"X5",2015-12-03,96.091107771
"X5",2015-12-06,12.12238911
"X5",2015-12-10,101.672854186
"X5",2015-12-13,58.186721509
"X6",2011-02-14,37.310226841
"X6",2011-02-15,101.338840817
"X6",2011-02-16,24.183965178
"X6",2011-03-07,108.763382576
"X6",2011-03-10,141.206930228
"X6",2011-03-15,63.217013203
"X6",2011-03-18,10.008774425
"X6",2011-04-20,12.31282566
"X6",2011-04-25,97.346309903
"X6",2011-04-28,51.81418782
"X6",2011-05-14,51.249836534
"X6",2011-05-15,79.015426419
"X6",2011-05-25,1100.947499496
"X6",2011-05-28,236.805235184
"X6",2011-05-30,34.962374399
"X6",2011-05-31,768.87381298
"X6",2011-06-01,405.441878965
"X6",2011-06-28,391.772598914
"X6",2011-07-30,35.301962371
"X6",2011-09-30,28.028779472
"X6",2011-10-03,86.545990416
"X6",2011-11-03,207.499999994
"X6",2011-11-18,189.109505108
"X6",2011-11-30,59.711531005
"X6",2011-12-01,10.311145115
"X6",2012-01-15,104.765381555
"X6",2012-01-19,59.61617874
"X6",2012-01-20,156.601736382
"X6",2012-02-24,12.049338411
"X6",2012-02-29,47.321377006
"X6",2012-03-01,139.662362584
"X6",2012-03-06,97.056349254
"X6",2012-03-12,21.051396346
"X6",2012-03-27,24.258570216
"X6",2012-03-31,201.28861044
"X6",2012-04-12,35.048972668
"X6",2012-04-23,27.154523813
"X6",2012-04-26,409.737763629
"X6",2012-05-14,102.846420871
"X6",2012-05-17,22.407120747
"X6",2012-05-24,35.715592454
"X6",2012-05-25,22.452387656
"X6",2012-05-26,12.040998217
"X6",2012-06-04,478.290177311
"X6",2012-06-09,10.999859274
"X6",2012-06-21,11.361994558
"X6",2012-06-23,98.048128336
"X6",2012-06-24,37.164133598
"X6",2012-06-25,264.901960806
"X6",2012-08-13,34.047598988
"X6",2012-08-14,17.965880371
"X6",2012-09-08,24.149115414
"X6",2012-10-22,13.666807077
"X6",2012-10-23,30.173125529
"X6",2012-11-08,556.385309373
"X6",2012-11-17,15.919029431
"X6",2012-11-18,50.025179052
"X6",2012-11-28,52.038904483
"X6",2012-11-29,530.627248818
"X6",2012-12-01,44.959069819
"X6",2012-12-02,35.780721293
"X6",2012-12-20,52.696014882
"X6",2012-12-21,234.249260041
"X6",2012-12-23,45.298223573
"X6",2013-02-25,25.415334612
"X6",2013-03-05,41.440349598
"X6",2013-04-14,96.895958143
"X6",2013-04-15,11.2197893
"X6",2013-05-14,23.560972949
"X6",2013-06-10,65.812281849
"X6",2013-06-18,25.17473822
"X6",2013-06-19,37.908813268
"X6",2013-07-02,41.077661429
"X6",2013-07-22,19.938072741
"X6",2013-07-26,22.21148339
"X6",2013-07-28,10.165020046
"X6",2013-08-18,55.76388889
"X6",2013-08-20,127.46778351
"X6",2013-09-20,29.319158082
"X6",2013-09-21,128.852734817
"X6",2013-10-27,275.190320011
"X6",2013-10-28,22.922002329
"X6",2014-01-11,21.691635454
"X6",2014-02-15,65.421972531
"X6",2014-03-10,98.393258429
"X6",2014-03-29,238.626453487
"X6",2014-04-22,72.600290692
"X6",2014-05-10,18.897286821
"X6",2014-05-18,40.976259689
"X6",2014-06-10,112.708817826
"X6",2014-07-10,10.21520603
"X6",2014-07-19,33.22389693
"X6",2014-07-20,52.305336093
"X6",2014-07-29,18.581013731
"X6",2014-09-20,12.401847572
"X6",2014-09-25,213.638142706
"X6",2014-10-14,13.076334023
"X6",2014-10-15,52.675215745
"X6",2014-10-21,15.87218913
"X6",2014-10-25,502.811701711
"X6",2014-10-31,80.518197866
"X6",2014-11-22,482.010242528
"X6",2014-11-28,183.392538276
"X6",2014-11-29,43.055667025
"X6",2014-11-30,15.188399111
"X6",2014-12-03,16.590410991
"X6",2014-12-10,152.691542962
"X6",2014-12-11,492.372737788
"X6",2014-12-24,29.413226693
"X6",2014-12-29,66.153776631
"X6",2015-02-05,178.359292103
"X6",2015-02-06,403.489446399
"X6",2015-02-08,60.901538216
"X6",2015-04-05,276.21588989
"X6",2015-04-07,43.624592445
"X6",2015-04-13,126.286851544
"X6",2015-04-14,358.658562061
"X6",2015-04-24,11.345321862
"X6",2015-04-25,106.255648831
"X6",2015-05-03,17.688942688
"X6",2015-05-04,16.127436019
"X6",2015-05-11,28.229112674
"X6",2015-05-12,119.650448197
"X6",2015-05-13,79.832028236
"X6",2015-05-31,60.34742
"X6",2015-06-30,16.253398
"X6",2015-07-01,25.168654
"X6",2015-07-16,37.172968
"X6",2015-07-30,11.417784
"X6",2015-08-07,98.615244
"X6",2015-08-08,33.49738
"X6",2015-09-15,98.492336738
"X6",2015-09-16,45.456648902
"X6",2015-11-15,104.412099402
"X6",2015-11-24,227.214919413
"X6",2015-12-03,212.487491737
"X6",2015-12-06,26.806393596
"X6",2015-12-10,224.830478762
"X6",2015-12-13,128.669039124
"X7",2011-02-14,17.049477745
"X7",2011-02-15,22.067448777
"X7",2011-03-07,59.915351644
"X7",2011-03-10,53.386178466
"X7",2011-03-15,56.437648609
"X7",2011-04-20,17.746956266
"X7",2011-04-25,31.61903127
"X7",2011-05-25,221.474838487
"X7",2011-05-28,14.706340347
"X7",2011-05-30,10.879889085
"X7",2011-05-31,80.600709828
"X7",2011-06-01,25.309852798
"X7",2011-06-28,17.104829683
"X7",2011-11-30,13.949164105
"X7",2012-03-01,72.656607309
"X7",2012-03-06,119.256942768
"X7",2012-03-31,10.333630775
"X7",2012-04-23,12.876759865
"X7",2012-05-14,10.524119727
"X7",2013-04-14,69.910402421
"X7",2013-04-15,42.837762584
"X7",2014-02-19,20.282550054
"X7",2014-03-10,24.932557148
"X7",2014-03-29,11.160576
"X7",2014-06-10,13.354908
"X7",2014-07-19,39.96486605
"X7",2014-10-25,48.69301105
"X7",2014-11-22,39.065808935
"X7",2014-11-28,14.863538633
"X7",2014-12-10,30.538308595
"X7",2014-12-11,98.474547553
"X7",2014-12-29,13.230755327
"X7",2015-02-05,45.798063402
"X7",2015-02-06,103.605677219
"X7",2015-02-08,15.637943361
"X7",2015-04-05,16.095158666
"X7",2015-04-14,169.694082319
"X7",2015-04-25,52.163557409
"X7",2015-05-11,22.304572245
"X7",2015-05-12,35.754565563
"X7",2015-05-13,17.215991442
"X7",2015-05-31,19.226461379
"X7",2015-07-16,11.843168003
"X7",2015-08-07,31.418446389
"X7",2015-08-08,10.67213947
"X7",2015-11-24,11.059915773
"X7",2015-12-03,62.284788836
"X7",2015-12-06,43.273226461
"X7",2015-12-10,179.309444194
"X7",2015-12-13,35.519344885
"X8",2011-02-07,13.884724351
"X8",2011-02-14,30.420828134
"X8",2011-02-15,39.374230498
"X8",2011-03-07,106.905011533
"X8",2011-03-10,95.255220381
"X8",2011-03-15,100.699859217
"X8",2011-03-19,15.193129662
"X8",2011-04-20,31.665316351
"X8",2011-04-25,56.416808219
"X8",2011-05-25,654.523287365
"X8",2011-05-28,43.46156112
"X8",2011-05-30,32.153272213
"X8",2011-05-31,238.198803647
"X8",2011-06-01,74.7980591
"X8",2011-06-28,62.363431531
"X8",2011-11-30,34.336403959
"X8",2011-12-01,18.65574889
"X8",2012-01-15,10.659975893
"X8",2012-01-19,54.341937869
"X8",2012-03-01,60.977926549
"X8",2012-03-06,100.08781535
"X8",2012-03-27,13.469165179
"X8",2012-03-31,39.267796944
"X8",2012-04-23,48.93168748
"X8",2012-05-14,77.383233285
"X8",2012-06-04,40.128581773
"X8",2012-06-23,15.487290843
"X8",2012-06-25,29.910163074
"X8",2012-11-08,34.517257013
"X8",2013-02-23,11.004646638
"X8",2013-02-25,10.536746699
"X8",2013-04-14,62.199696279
"X8",2013-04-15,38.113009366
"X8",2013-05-14,12.397601014
"X8",2013-06-10,26.725505053
"X8",2013-07-22,12.964428963
"X8",2013-08-18,23.75765253
"X8",2013-10-27,13.208502023
"X8",2014-02-19,34.480335084
"X8",2014-03-10,42.385347151
"X8",2014-03-29,14.039118592
"X8",2014-06-10,16.799414045
"X8",2014-07-19,19.675010981
"X8",2015-02-06,24.258333332
"X8",2015-04-05,10.753839641
"X8",2015-04-14,113.379618489
"X8",2015-04-25,34.852625129
"X8",2015-05-11,14.902605072
"X8",2015-05-12,23.889100592
"X8",2015-05-13,11.502714267
"X8",2015-05-31,23.329845278
"X8",2015-07-16,14.370781583
"X8",2015-08-07,38.123889715
"X8",2015-08-08,12.949827727
"X8",2015-11-15,51.144827796
"X8",2015-11-24,111.298096603
"X8",2015-12-03,104.084069127
"X8",2015-12-06,13.130742433
"X8",2015-12-10,110.130111197
"X8",2015-12-13,63.026755383
"X9",2011-02-07,17.193169955
"X9",2011-02-14,30.689634057
"X9",2011-02-15,39.722150899
"X9",2011-03-07,107.849650542
"X9",2011-03-10,96.096918951
"X9",2011-03-15,101.589667977
"X9",2011-03-19,15.327379895
"X9",2011-04-20,31.94511889
"X9",2011-04-25,56.915321024
"X9",2011-05-25,1199.14010881
"X9",2011-05-28,79.625128905
"X9",2011-05-30,58.907420231
"X9",2011-05-31,436.399658832
"X9",2011-06-01,137.036152042
"X9",2011-06-28,150.852935424
"X9",2011-08-26,18.159509089
"X9",2011-11-03,10.616449448
"X9",2011-11-30,65.470522999
"X9",2011-12-01,35.571623583
"X9",2012-01-15,33.059732531
"X9",2012-01-19,18.812463568
"X9",2012-01-20,49.41719719
"X9",2012-03-01,47.214817696
"X9",2012-03-06,77.497353919
"X9",2012-03-27,37.166794139
"X9",2012-03-31,108.355499843
"X9",2012-04-01,12.55353956
"X9",2012-04-23,135.02202487
"X9",2012-05-14,122.575041511
"X9",2012-05-17,11.422914804
"X9",2012-06-01,15.005747861
"X9",2012-06-04,63.563673525
"X9",2012-06-09,15.258653724
"X9",2012-06-23,24.531868694
"X9",2012-06-25,47.377698304
"X9",2012-08-13,20.278151148
"X9",2012-08-14,10.700162374
"X9",2012-09-08,14.38278842
"X9",2012-10-23,17.970582894
"X9",2012-11-08,207.103542062
"X9",2012-12-23,37.850045919
"X9",2013-02-19,13.268466281
"X9",2013-02-23,56.938014948
"X9",2013-02-25,54.517101812
"X9",2013-04-14,154.728170077
"X9",2013-04-15,94.810048101
"X9",2013-05-14,45.639520199
"X9",2013-06-10,98.385101013
"X9",2013-06-19,33.119318179
"X9",2013-06-29,13.450757574
"X9",2013-07-01,17.299873737
"X9",2013-07-02,27.197601009
"X9",2013-07-03,17.511363636
"X9",2013-07-20,34.436352126
"X9",2013-07-21,15.997730628
"X9",2013-07-22,47.663341773
"X9",2013-07-26,36.21754275
"X9",2013-07-28,24.507863624
"X9",2013-08-18,87.34431075
"X9",2013-09-21,23.716223347
"X9",2013-10-27,206.933198357
"X9",2013-10-28,27.94787449
"X9",2014-02-19,90.257347717
"X9",2014-03-10,110.949879315
"X9",2014-03-17,19.176132332
"X9",2014-03-29,135.07660309
"X9",2014-05-10,22.336886192
"X9",2014-05-18,35.264139226
"X9",2014-06-10,161.63463313
"X9",2014-07-17,13.818181818
"X9",2014-07-19,140.18445323
"X9",2014-07-20,15.870882742
"X9",2014-10-25,302.799821539
"X9",2014-10-31,59.588391084
"X9",2014-11-22,356.71706029
"X9",2014-11-28,135.72169499
"X9",2014-11-29,31.863826972
"X9",2014-11-30,11.240344295
"X9",2014-12-03,11.198527418
"X9",2014-12-10,103.066791505
"X9",2014-12-11,332.351597988
"X9",2014-12-24,19.853928012
"X9",2014-12-29,44.65379922
"X9",2015-02-05,95.048242128
"X9",2015-02-06,215.020827578
"X9",2015-02-08,32.454626167
"X9",2015-04-05,34.393566434
"X9",2015-04-14,362.617406535
"X9",2015-04-25,111.467728522
"X9",2015-05-07,10.203105361
"X9",2015-05-11,47.662393591
"X9",2015-05-12,76.403535458
"X9",2015-05-13,36.788661589
"X9",2015-05-31,51.28530979
"X9",2015-06-30,13.812695747
"X9",2015-07-01,21.389186441
"X9",2015-07-16,31.590864697
"X9",2015-08-07,83.80662071
"X9",2015-08-08,28.467223797
"X9",2015-09-15,56.887100179
"X9",2015-09-16,26.254803427
"X9",2015-11-24,88.038979509
"X9",2015-12-03,89.766270783
"X9",2015-12-06,43.058904291
"X9",2015-12-10,277.230251972
"X9",2015-12-13,120.540256418
